date_count,price
5,1233.75
6,1155.0
7,1155.0
10,1260.0
11,1260.0
12,1260.0
13,1155.0
14,1260.0
16,1155.0
17,1155.0
19,1050.0
20,1050.0
21,1050.0
23,1155.0
24,1155.0
26,1155.0
27,1155.0
28,1155.0
30,1155.0
31,1155.0
32,1417.5
33,1260.0
34,1365.0
35,1365.0
37,1470.0
38,1575.0
39,1575.0
40,1575.0
41,1470.0
44,1260.0
45,1365.0
47,1260.0
48,1260.0
49,1050.0
51,1155.0
52,1155.0
54,1365.0
55,1365.0
56,1260.0
58,1260.0
59,1365.0
60,1365.0
61,1365.0
62,1365.0
63,1365.0
65,1470.0
66,1155.0
68,1155.0
69,1050.0
70,1050.0
72,997.5
73,1050.0
75,1050.0
76,1050.0
77,1050.0
79,1050.0
81,1102.5
82,1050.0
83,1050.0
84,1155.0
86,1050.0
87,1050.0
88,1050.0
89,945.0
90,1050.0
91,1102.5
93,1050.0
94,1050.0
95,1050.0
96,1102.5
97,1102.5
98,1260.0
100,1102.5
101,1050.0
103,1102.5
104,1050.0
105,892.5
107,840.0
108,945.0
110,840.0
111,840.0
112,840.0
114,840.0
115,840.0
116,840.0
117,945.0
118,1050.0
121,1155.0
122,1050.0
125,1155.0
126,997.5
128,945.0
129,997.5
131,892.5
132,840.0
133,945.0
135,682.5
136,840.0
137,630.0
138,630.0
139,735.0
140,813.75
142,892.5
143,945.0
145,997.5
146,1050.0
147,1155.0
149,1260.0
150,1050.0
151,945.0
152,1283.75
153,735.0
154,945.0
156,892.5
157,840.0
158,892.5
159,971.25
160,918.75
161,918.75
163,840.0
164,892.5
166,892.5
167,892.5
168,840.0
170,787.5
171,787.5
172,945.0
173,1155.0
174,630.0
175,630.0
177,840.0
178,630.0
180,682.5
181,735.0
182,735.0
184,1050.0
185,1050.0
187,1312.5
188,945.0
189,971.5
191,1155.0
192,1155.0
193,1155.0
194,1155.0
195,1207.5
196,945.0
199,1102.5
200,1155.0
201,1050.0
202,1260.0
203,1050.0
205,1155.0
206,1155.0
208,1365.0
209,1365.0
210,1522.5
212,1575.0
213,1680.0
214,1680.0
215,1470.0
216,1470.0
217,1260.0
219,1732.5
220,1155.0
221,1050.0
222,1312.75
223,1155.0
224,1365.0
225,1155.0
229,1155.0
230,787.5
231,945.0
233,1023.75
234,840.0
236,1233.75
237,840.0
238,1050.0
240,840.0
241,787.5
242,840.0
243,892.5
244,945.0
245,997.5
247,1050.0
248,1102.5
249,1155.0
250,997.5
251,892.5
252,840.0
254,1102.5
255,840.0
257,787.5
258,840.0
259,945.0
262,945.0
263,997.5
264,945.0
265,892.5
268,945.0
269,840.0
271,892.5
272,840.0
273,787.5
275,840.0
276,787.5
277,735.0
278,735.0
279,916.25
280,735.0
283,630.0
284,525.0
285,525.0
286,525.0
287,525.0
289,630.0
290,630.0
292,630.0
293,735.0
294,630.0
296,577.5
297,630.0
299,630.0
300,577.5
301,525.0
303,472.5
304,472.5
305,420.0
306,420.0
308,525.0
310,420.0
311,840.0
313,840.0
314,840.0
315,840.0
317,690.5
318,551.25
319,630.0
320,617.0
321,735.0
322,735.0
324,716.75
325,525.0
326,420.0
328,630.0
329,472.5
331,472.5
332,420.0
333,420.0
334,472.5
335,546.0
336,472.5
338,499.0
339,420.0
340,420.0
341,630.0
342,656.25
343,472.5
345,420.0
346,420.0
348,420.0
349,420.0
350,420.0
352,682.5
353,420.0
354,420.0
355,457.0
356,735.0
358,735.0
359,472.5
360,682.5
361,735.0
362,630.0
363,840.0
370,840.0
371,735.0
374,1050.0
375,630.0
376,420.0
377,420.0
378,525.0
380,525.0
381,945.0
383,945.0
384,525.0
385,420.0
387,525.0
388,420.0
390,630.0
391,420.0
392,525.0
394,420.0
395,525.0
396,525.0
397,945.0
398,420.0
399,630.0
401,630.0
402,525.0
403,420.0
404,525.0
405,551.5
406,735.0
409,735.0
410,630.0
411,577.5
412,630.0
413,630.0
415,525.0
416,630.0
418,945.0
419,630.0
420,630.0
422,735.0
423,735.0
425,719.25
426,735.0
427,630.0
429,701.0
430,525.0
431,682.5
432,420.0
433,708.75
434,420.0
436,420.0
437,525.0
439,525.0
440,630.0
441,630.0
443,682.5
444,788.0
446,945.0
447,1102.5
448,1207.5
450,1312.5
451,1417.5
453,1207.5
454,1050.0
455,945.0
457,735.0
458,735.0
459,735.0
460,682.5
461,735.0
462,814.0
464,840.0
465,919.0
467,840.0
468,945.0
469,945.0
471,945.0
472,1102.5
473,1260.0
474,1207.5
475,1155.0
476,1050.0
478,971.5
479,1050.0
481,1050.0
482,997.5
483,840.0
486,787.5
487,787.5
489,787.5
492,840.0
493,866.25
495,945.0
496,840.0
497,945.0
499,787.5
500,735.0
501,735.0
502,735.0
503,945.0
504,945.0
506,1050.0
507,1102.5
509,945.0
510,945.0
511,945.0
513,997.5
514,735.0
515,1128.75
516,945.0
517,945.0
518,945.0
520,997.5
521,840.0
522,892.5
523,840.0
524,551.5
525,630.0
527,682.5
528,682.5
530,735.0
531,525.0
532,630.0
534,735.0
535,735.0
536,735.0
537,656.25
538,840.0
539,840.0
541,840.0
542,840.0
544,892.5
545,853.25
546,787.5
548,1050.0
549,840.0
550,892.5
551,735.0
552,735.0
553,630.0
555,840.0
556,997.5
558,945.0
559,997.5
560,840.0
563,1155.0
564,1050.0
565,945.0
566,945.0
567,945.0
569,945.0
570,945.0
572,945.0
573,945.0
574,1050.0
576,1076.25
577,813.75
578,997.5
579,525.0
580,525.0
581,1102.5
583,892.5
584,892.5
585,787.5
586,735.0
587,997.5
588,945.0
590,630.0
591,735.0
595,1050.0
597,1050.0
598,1155.0
600,1260.0
601,1365.0
602,1365.0
604,1365.0
605,1365.0
606,1260.0
607,1155.0
608,1050.0
609,945.0
611,945.0
612,945.0
613,945.0
614,997.5
615,997.5
616,997.5
618,1102.5
619,892.5
621,840.0
622,787.5
623,1102.5
626,787.5
627,840.0
628,892.5
629,945.0
630,945.0
633,1155.0
634,1050.0
635,997.5
636,997.5
637,997.5
639,1102.5
640,1260.0
641,1312.5
642,1417.5
643,1417.5
644,1365.0
647,1417.5
648,1050.0
649,945.0
650,945.0
651,945.0
653,892.5
654,945.0
656,1050.0
657,1102.5
658,1050.0
660,997.5
661,945.0
663,840.0
664,787.5
665,1155.0
667,840.0
668,735.0
669,787.5
670,840.0
671,840.0
674,1050.0
675,1050.0
676,787.5
677,787.5
678,945.0
679,682.5
681,630.0
682,525.0
684,525.0
685,840.0
686,577.5
688,577.5
689,735.0
690,787.5
691,735.0
693,630.0
695,630.0
696,682.5
698,735.0
699,787.5
700,892.5
702,787.5
703,682.5
704,630.0
705,630.0
706,630.0
707,840.0
709,630.0
710,840.0
712,630.0
713,630.0
714,840.0
716,630.0
717,630.0
718,630.0
719,577.5
720,577.5
721,630.0
723,577.5
724,735.0
725,630.0
726,682.5
727,840.0
728,787.5
735,840.0
737,525.0
738,735.0
740,630.0
741,577.5
742,630.0
745,630.0
746,525.0
747,630.0
748,630.0
749,525.0
751,656.25
752,420.0
754,525.0
755,525.0
756,525.0
758,525.0
759,525.0
760,630.0
761,735.0
762,630.0
763,682.5
765,735.0
766,840.0
767,840.0
768,840.0
769,840.0
770,840.0
773,840.0
774,840.0
775,840.0
776,840.0
777,840.0
779,735.0
780,945.0
781,735.0
782,735.0
783,787.5
784,735.0
786,840.0
787,1155.0
789,1260.0
790,1050.0
791,1102.5
793,1260.0
794,1155.0
796,1260.0
797,1260.0
798,1260.0
800,1260.0
801,1260.0
803,945.0
804,892.5
805,945.0
807,787.5
808,866.5
809,735.0
811,735.0
812,945.0
814,787.5
815,945.0
817,892.5
818,892.5
819,735.0
821,735.0
822,840.0
823,840.0
824,840.0
825,735.0
826,840.0
828,840.0
829,840.0
831,945.0
832,945.0
833,997.5
835,945.0
836,945.0
837,840.0
838,892.5
839,787.5
840,840.0
842,840.0
843,814.0
845,735.0
846,708.75
847,840.0
849,840.0
851,945.0
852,971.5
853,945.0
857,945.0
858,840.0
859,840.0
860,735.0
861,735.0
863,1039.5
864,945.0
866,958.25
867,1050.0
868,1023.75
870,997.5
871,840.0
872,918.75
873,840.0
874,945.0
875,719.5
877,735.0
878,630.0
880,840.0
881,735.0
882,814.0
884,630.0
885,735.0
887,735.0
888,735.0
889,735.0
891,735.0
892,735.0
894,735.0
895,840.0
896,787.5
898,735.0
899,577.5
901,630.0
902,840.0
903,735.0
905,840.0
906,840.0
908,840.0
909,735.0
910,735.0
912,630.0
913,840.0
914,735.0
915,945.0
916,840.0
917,840.0
919,735.0
920,1207.5
922,1050.0
923,1050.0
924,945.0
926,945.0
927,945.0
928,1102.5
929,945.0
930,682.5
931,525.0
934,525.0
935,577.5
936,1050.0
937,630.0
938,682.5
940,735.0
941,892.5
942,787.5
943,787.5
944,787.5
945,892.5
947,892.5
948,892.5
949,945.0
950,945.0
951,892.5
952,892.5
954,892.5
955,892.5
956,945.0
957,997.5
961,1102.5
962,945.0
963,840.0
964,630.0
965,682.5
966,1155.0
968,682.5
969,682.5
971,787.5
972,787.5
973,787.5
975,735.0
976,840.0
977,840.0
978,735.0
979,787.5
980,840.0
982,945.0
983,945.0
985,1050.0
986,1050.0
987,1155.0
990,1354.5
991,1417.5
992,1365.0
993,1470.0
994,1365.0
996,1365.0
998,1155.0
999,1102.5
1000,1102.5
1001,1102.5
1003,1260.0
1004,1260.0
1005,1470.0
1006,1575.0
1007,1680.0
1008,1680.0
1010,1680.0
1011,1470.0
1013,1155.0
1014,1050.0
1015,840.0
1018,1260.0
1019,682.5
1020,682.5
1021,630.0
1022,787.5
1024,735.0
1025,945.0
1027,945.0
1028,787.5
1029,1050.0
1031,945.0
1032,945.0
1033,682.5
1034,420.0
1035,840.0
1036,840.0
1039,840.0
1040,735.0
1041,735.0
1042,735.0
1043,735.0
1045,840.0
1046,735.0
1048,735.0
1049,735.0
1050,787.5
1052,735.0
1053,630.0
1054,735.0
1055,630.0
1056,630.0
1057,735.0
1060,787.5
1061,630.0
1062,682.5
1063,892.5
1064,735.0
1066,787.5
1067,840.0
1068,814.0
1069,945.0
1070,840.0
1071,840.0
1073,735.0
1074,840.0
1076,735.0
1077,735.0
1078,1050.0
1080,682.5
1081,840.0
1082,630.0
1083,735.0
1084,971.25
1085,840.0
1087,945.0
1089,630.0
1090,735.0
1091,945.0
1092,840.0
1093,682.5
1094,630.0
1101,630.0
1102,577.5
1103,630.0
1104,577.5
1105,630.0
1106,682.5
1109,682.5
1110,735.0
1111,630.0
1112,735.0
1113,735.0
1115,735.0
1116,735.0
1118,735.0
1119,735.0
1120,735.0
1122,735.0
1123,840.0
1125,840.0
1126,840.0
1127,840.0
1129,945.0
1130,840.0
1131,840.0
1132,735.0
1133,735.0
1134,630.0
1136,630.0
1137,525.0
1139,630.0
1140,945.0
1141,630.0
1143,630.0
1144,735.0
1145,735.0
1146,945.0
1147,525.0
1148,630.0
1150,630.0
1151,735.0
1153,630.0
1154,735.0
1155,735.0
1157,840.0
1158,840.0
1160,945.0
1161,787.5
1162,945.0
1164,682.5
1165,577.5
1167,787.5
1168,787.5
1169,630.0
1171,682.5
1172,735.0
1173,735.0
1174,840.0
1176,840.0
1178,735.0
1179,735.0
1181,840.0
1182,945.0
1183,787.5
1185,840.0
1186,892.5
1187,1102.5
1188,1155.0
1189,1260.0
1190,1312.5
1192,1260.0
1193,1260.0
1195,1155.0
1196,1260.0
1197,1155.0
1199,1102.5
1200,1102.5
1201,1050.0
1202,1102.5
1203,1050.0
1204,1050.0
1206,1050.0
1207,1050.0
1209,1102.5
1210,945.0
1211,997.5
1213,840.0
1214,945.0
1216,735.0
1217,735.0
1218,656.25
1220,840.0
1223,840.0
1224,945.0
1225,1050.0
1227,1050.0
1228,1050.0
1230,1050.0
1231,997.5
1232,1050.0
1234,945.0
1235,997.5
1236,971.25
1237,945.0
1238,945.0
1239,945.0
1241,945.0
1242,997.5
1244,945.0
1245,945.0
1246,945.0
1248,945.0
1249,945.0
1251,892.5
1252,840.0
1253,787.5
1255,735.0
1256,840.0
1258,840.0
1259,945.0
1260,840.0
1262,840.0
1263,787.5
1265,945.0
1266,787.5
1267,840.0
1269,1128.75
1270,1155.0
1272,997.5
1273,1050.0
1274,1050.0
1276,1155.0
1277,1050.0
1278,945.0
1279,945.0
1280,1050.0
1281,1050.0
1283,945.0
1284,1050.0
1286,945.0
1287,840.0
1288,945.0
1290,997.5
1291,735.0
1292,840.0
1293,787.5
1294,735.0
1295,735.0
1298,1155.0
1299,735.0
1300,1207.5
1301,840.0
1302,787.5
1304,787.5
1305,840.0
1306,787.5
1307,840.0
1308,892.5
1309,997.5
1311,1102.5
1312,1155.0
1313,1312.5
1314,1312.5
1315,1365.0
1316,1365.0
1318,1365.0
1319,1365.0
1320,1365.0
1321,1470.0
1325,1470.0
1326,1365.0
1327,1365.0
1328,1207.5
1329,1102.5
1330,1102.5
1332,1155.0
1333,945.0
1335,1260.0
1336,1050.0
1337,997.5
1339,1102.5
1340,1207.5
1341,1207.5
1342,1155.0
1343,1207.5
1344,1207.5
1346,1155.0
1347,1050.0
1349,1102.5
1350,945.0
1351,997.5
1353,945.0
1354,997.5
1355,997.5
1356,892.5
1357,1260.0
1358,1102.5
1360,787.5
1363,1050.0
1364,735.0
1365,735.0
1367,1207.5
1368,1155.0
1369,682.5
1370,1102.5
1371,682.5
1372,577.5
1374,1050.0
1375,1050.0
1377,577.5
1378,577.5
1379,630.0
1382,1050.0
1383,1050.0
1384,840.0
1385,577.5
1386,525.0
1388,525.0
1389,472.5
1390,735.0
1391,630.0
1392,525.0
1393,630.0
1395,525.0
1396,630.0
1398,630.0
1399,630.0
1400,735.0
1402,682.5
1404,682.5
1405,735.0
1406,787.5
1407,787.5
1409,577.5
1410,525.0
1412,787.5
1413,787.5
1414,630.0
1416,630.0
1417,682.5
1418,708.75
1419,525.0
1420,577.5
1421,892.5
1424,420.0
1425,446.25
1426,525.0
1427,577.5
1428,525.0
1430,472.5
1431,472.5
1432,525.0
1433,472.5
1434,577.5
1435,525.0
1437,472.5
1438,577.5
1440,472.5
1441,420.0
1442,420.0
1444,525.0
1445,472.5
1446,420.0
1447,420.0
1448,420.0
1449,420.0
1451,525.0
1452,472.5
1454,525.0
1455,630.0
1456,735.0
1457,787.5
1458,840.0
1459,945.0
1466,1050.0
1467,892.5
1468,787.5
1469,945.0
1470,735.0
1474,735.0
1475,735.0
1476,840.0
1477,840.0
1479,945.0
1480,945.0
1481,840.0
1482,840.0
1483,840.0
1484,840.0
1486,840.0
1487,840.0
1489,840.0
1490,945.0
1491,840.0
1493,945.0
1494,945.0
1495,945.0
1496,1050.0
1497,1155.0
1498,1050.0
1500,945.0
1501,1050.0
1502,945.0
1504,1050.0
1505,1050.0
1507,1155.0
1508,1260.0
1509,1155.0
1510,1365.0
1511,1155.0
1514,1260.0
1515,945.0
1517,840.0
1518,1260.0
1519,1260.0
1521,892.5
1522,997.5
1524,945.0
1525,1260.0
1526,1260.0
1528,840.0
1529,840.0
1531,787.5
1532,840.0
1533,735.0
1535,892.5
1536,682.5
1538,1050.0
1539,892.5
1540,1050.0
1543,945.0
1544,1050.0
1545,1050.0
1546,1050.0
1547,997.5
1549,1260.0
1550,1260.0
1551,997.5
1552,1260.0
1553,1155.0
1554,1207.5
1556,1207.5
1557,1260.0
1559,1260.0
1560,1260.0
1561,1260.0
1563,1207.5
1564,1365.0
1566,1470.0
1567,1365.0
1568,1470.0
1570,1575.0
1571,1417.5
1572,1365.0
1573,1417.5
1574,1181.25
1575,1365.0
1577,1155.0
1578,1050.0
1579,1260.0
1581,1050.0
1582,1260.0
1585,1050.0
1587,945.0
1588,945.0
1589,1102.5
1591,945.0
1592,945.0
1594,997.5
1595,945.0
1596,997.5
1598,945.0
1599,840.0
1600,840.0
1601,945.0
1602,840.0
1603,945.0
1605,840.0
1606,945.0
1608,840.0
1609,840.0
1610,840.0
1612,840.0
1613,1076.25
1615,1050.0
1616,945.0
1617,1050.0
1619,1102.5
1620,1102.5
1622,997.5
1623,892.5
1624,735.0
1626,735.0
1627,735.0
1629,630.0
1630,630.0
1631,630.0
1633,577.5
1634,577.5
1636,656.25
1637,840.0
1638,525.0
1640,525.0
1641,630.0
1642,630.0
1643,630.0
1644,787.5
1645,840.0
1647,892.5
1648,997.5
1650,1102.5
1651,1050.0
1652,1050.0
1654,997.5
1655,1155.0
1657,1207.5
1658,997.5
1659,1102.5
1662,1050.0
1663,892.5
1664,945.0
1665,840.0
1666,840.0
1668,892.5
1669,840.0
1671,997.5
1672,892.5
1673,892.5
1675,945.0
1676,840.0
1677,945.0
1678,840.0
1679,945.0
1680,787.5
1682,945.0
1683,892.5
1684,892.5
1685,892.5
1686,945.0
1687,1050.0
1691,1260.0
1692,1207.5
1693,1155.0
1694,1260.0
1696,1260.0
1697,1312.5
1699,1207.5
1700,945.0
1701,1050.0
1703,945.0
1704,997.5
1705,1050.0
1706,997.5
1707,945.0
1708,997.5
1710,1050.0
1711,1102.5
1713,1102.5
1714,1207.5
1715,1155.0
1717,1207.5
1718,1260.0
1719,1312.5
1720,1365.0
1721,1312.5
1722,1312.5
1725,1102.5
1726,1050.0
1728,1050.0
1729,1102.5
1731,1155.0
1732,1155.0
1733,1207.5
1734,1207.5
1735,1260.0
1736,1312.5
1738,1365.0
1739,1470.0
1741,1470.0
1742,1312.5
1743,1102.5
1746,1312.5
1747,892.5
1748,892.5
1749,892.5
1750,892.5
1752,997.5
1753,840.0
1754,997.5
1755,892.5
1756,945.0
1757,997.5
1759,1050.0
1760,1155.0
1762,1102.5
1763,1260.0
1764,1207.5
1766,1365.0
1767,1470.0
1769,1470.0
1770,1470.0
1771,1417.5
1773,1365.0
1774,1417.5
1776,1312.5
1777,1260.0
1778,1260.0
1780,1207.5
1781,1207.5
1782,1260.0
1783,1312.5
1784,1260.0
1785,1207.5
1787,840.0
1789,945.0
1790,1076.25
1791,735.0
1792,682.5
1794,577.5
1795,787.5
1796,682.5
1797,577.5
1798,735.0
1799,525.0
1801,525.0
1802,525.0
1804,577.5
1805,630.0
1806,525.0
1808,472.5
1809,682.5
1810,682.5
1811,525.0
1812,472.5
1813,682.5
1815,420.0
1816,420.0
1817,603.75
1819,498.75
1820,525.0
1821,630.0
1822,630.0
1823,420.0
1824,525.0
1831,630.0
1832,630.0
1833,525.0
1834,472.5
1837,420.0
1838,525.0
1839,630.0
1840,525.0
1841,525.0
1843,630.0
1844,630.0
1846,630.0
1847,630.0
1848,735.0
1850,630.0
1851,735.0
1853,630.0
1854,735.0
1855,735.0
1857,735.0
1858,735.0
1859,787.5
1860,840.0
1861,840.0
1862,840.0
1864,840.0
1865,945.0
1866,1050.0
1867,1155.0
1869,1365.0
1871,1260.0
1872,1155.0
1873,1102.5
1874,1050.0
1875,892.5
1876,840.0
1878,840.0
1879,735.0
1881,735.0
1882,735.0
1883,840.0
1885,840.0
1886,787.5
1888,840.0
1889,892.5
1890,892.5
1892,892.5
1893,892.5
1895,892.5
1896,840.0
1897,840.0
1899,840.0
1900,892.5
1902,945.0
1903,892.5
1904,945.0
1907,997.5
1908,892.5
1909,787.5
1910,787.5
1911,735.0
1913,735.0
1914,787.5
1915,630.0
1916,630.0
1917,735.0
1918,735.0
1920,840.0
1921,840.0
1922,840.0
1923,840.0
1924,840.0
1925,840.0
1927,945.0
1928,945.0
1930,945.0
1931,840.0
1932,840.0
1934,735.0
1935,735.0
1936,735.0
1937,735.0
1938,735.0
1939,735.0
1941,735.0
1942,630.0
1943,630.0
1944,630.0
1946,630.0
1948,525.0
1951,525.0
1952,630.0
1953,525.0
1955,525.0
1956,525.0
1958,630.0
1959,630.0
1960,630.0
1962,630.0
1963,525.0
1964,525.0
1965,630.0
1966,630.0
1967,630.0
1969,735.0
1970,735.0
1972,735.0
1973,840.0
1974,945.0
1976,1050.0
1977,1155.0
1979,1050.0
1980,892.5
1981,735.0
1983,682.5
1984,630.0
1986,630.0
1987,630.0
1988,577.5
1990,630.0
1991,945.0
1993,735.0
1994,997.5
1995,787.5
1997,735.0
1998,892.5
2000,997.5
2001,945.0
2002,1155.0
2004,1050.0
2005,945.0
2006,1155.0
2007,840.0
2008,840.0
2009,840.0
2011,945.0
2012,945.0
2014,1050.0
2015,1102.5
2016,1102.5
2018,997.5
2019,997.5
2021,997.5
2022,997.5
2023,945.0
2026,1050.0
2027,945.0
2028,1050.0
2029,1102.5
2030,1102.5
2032,1050.0
2033,1102.5
2035,1050.0
2036,997.5
2037,892.5
2039,840.0
2040,787.5
2041,787.5
2042,840.0
2043,840.0
2044,1076.25
2046,735.0
2047,735.0
2048,735.0
2049,682.5
2050,682.5
2051,735.0
2056,892.5
2057,735.0
2058,787.5
2060,735.0
2061,735.0
2063,787.5
2064,787.5
2065,840.0
2067,997.5
2068,840.0
2069,892.5
2070,892.5
2071,997.5
2072,997.5
2074,997.5
2075,997.5
2076,997.5
2077,1102.5
2078,1102.5
2079,1155.0
2081,1155.0
2082,1260.0
2084,1260.0
2085,1312.5
2086,1312.5
2089,1260.0
2090,1312.5
2091,1365.0
2093,1365.0
2095,1417.5
2096,1365.0
2098,1575.0
2099,1575.0
2100,1680.0
2102,1837.5
2103,1785.0
2104,1837.5
2105,1785.0
2106,1680.0
2107,1522.5
2110,1785.0
2111,1207.5
2112,997.5
2113,892.5
2114,892.5
2116,787.5
2117,840.0
2118,945.0
2119,840.0
2120,840.0
2121,840.0
2123,892.5
2124,840.0
2126,945.0
2127,945.0
2128,997.5
2130,997.5
2131,682.5
2132,682.5
2134,735.0
2135,735.0
2137,840.0
2138,840.0
2140,735.0
2141,735.0
2142,630.0
2144,735.0
2145,630.0
2146,945.0
2147,840.0
2148,735.0
2149,945.0
2151,630.0
2152,630.0
2154,945.0
2155,472.5
2156,630.0
2158,682.5
2159,525.0
2160,420.0
2161,525.0
2162,945.0
2163,945.0
2165,787.5
2166,630.0
2167,525.0
2168,525.0
2169,630.0
2170,708.75
2172,525.0
2173,525.0
2175,630.0
2176,945.0
2177,525.0
2179,525.0
2180,630.0
2181,525.0
2182,945.0
2184,577.5
2185,630.0
2186,945.0
2187,735.0
2188,945.0
2189,735.0
2196,840.0
2197,945.0
2198,945.0
2201,945.0
2202,945.0
2203,892.5
2204,945.0
2205,945.0
2207,840.0
2208,945.0
2210,840.0
2211,1050.0
2212,840.0
2214,945.0
2215,1155.0
2217,1050.0
2218,1050.0
2219,1050.0
2221,1050.0
2222,1050.0
2223,1050.0
2224,1050.0
2225,1050.0
2226,1155.0
2228,1365.0
2229,1155.0
2230,1260.0
2231,1365.0
2232,1365.0
2235,1365.0
2236,1365.0
2237,1312.5
2238,1155.0
2239,1365.0
2240,1365.0
2242,1260.0
2243,1365.0
2245,1260.0
2246,1365.0
2247,1365.0
2249,1470.0
2250,1575.0
2251,1365.0
2252,1522.5
2253,1680.0
2254,1627.5
2256,1627.5
2257,1470.0
2259,1522.5
2260,1365.0
2261,1417.5
2263,1470.0
2264,1417.5
2266,1365.0
2267,1417.5
2268,1522.5
2270,1785.0
2272,1890.0
2273,1785.0
2274,1942.5
2275,1890.0
2277,1995.0
2278,1785.0
2279,1417.5
2280,1365.0
2281,1522.5
2282,1365.0
2284,1680.0
2285,1837.5
2286,2257.5
2287,2205.0
2288,2730.0
2289,2677.5
2291,2625.0
2292,2572.5
2294,2047.5
2295,1995.0
2296,2100.0
2298,1680.0
2299,1365.0
2300,1260.0
2301,1155.0
2302,945.0
2303,945.0
2305,892.5
2306,945.0
2308,945.0
2309,945.0
2310,945.0
2313,840.0
2314,892.5
2315,840.0
2319,735.0
2320,840.0
2322,840.0
2323,945.0
2324,1050.0
2326,1417.5
2327,1260.0
2328,1312.5
2329,1365.0
2330,1470.0
2331,1470.0
2333,1312.5
2334,1260.0
2336,1312.5
2337,1050.0
2338,840.0
2340,630.0
2341,761.25
2342,656.25
2343,630.0
2344,630.0
2345,630.0
2347,735.0
2348,997.5
2350,840.0
2351,997.5
2352,997.5
2354,840.0
2355,630.0
2357,577.5
2358,577.5
2359,577.5
2361,630.0
2362,787.5
2364,997.5
2365,945.0
2366,945.0
2368,840.0
2369,1050.0
2371,1155.0
2372,735.0
2375,1102.5
2376,892.5
2377,892.5
2378,787.5
2379,866.25
2380,787.5
2382,997.5
2383,997.5
2385,997.5
2386,787.5
2387,682.5
2390,840.0
2391,682.5
2392,735.0
2393,735.0
2394,787.5
2396,840.0
2397,735.0
2399,735.0
2400,787.5
2401,840.0
2403,971.25
2404,735.0
2405,1102.5
2406,945.0
2407,735.0
2408,840.0
2410,630.0
2411,630.0
2412,682.5
2413,682.5
2414,945.0
2415,735.0
2417,735.0
2421,892.5
2422,787.5
2424,1076.25
2425,1023.75
2427,840.0
2428,840.0
2429,840.0
2431,866.25
2432,840.0
2433,918.75
2434,945.0
2435,787.5
2436,735.0
2438,892.5
2439,840.0
2440,840.0
2441,1050.0
2442,892.5
2443,892.5
2445,892.5
2446,945.0
2448,1102.5
2449,1050.0
2450,997.5
2453,1312.5
2454,971.25
2455,1050.0
2456,1050.0
2459,1076.25
2460,892.5
2462,1102.5
2463,1102.5
2464,1260.0
2466,1312.5
2467,1312.5
2468,1155.0
2469,945.0
2470,945.0
2471,892.5
2474,630.0
2475,630.0
2476,630.0
2477,761.25
2478,682.5
2480,735.0
2481,787.5
2482,735.0
2483,735.0
2484,840.0
2485,840.0
2487,840.0
2488,735.0
2490,735.0
2491,735.0
2492,735.0
2494,735.0
2495,682.5
2496,682.5
2497,630.0
2498,682.5
2501,630.0
2502,630.0
2503,735.0
2504,735.0
2505,735.0
2506,735.0
2508,682.5
2509,630.0
2511,577.5
2512,525.0
2513,525.0
2515,630.0
2516,630.0
2517,630.0
2518,577.5
2520,630.0
2522,630.0
2523,630.0
2525,630.0
2526,630.0
2527,630.0
2529,630.0
2530,735.0
2531,735.0
2532,840.0
2533,735.0
2534,735.0
2536,630.0
2537,735.0
2539,682.5
2540,735.0
2541,735.0
2543,840.0
2544,840.0
2545,945.0
2546,840.0
2547,840.0
2548,840.0
2550,1050.0
2551,997.5
2552,1050.0
2553,1050.0
2554,1155.0
2555,1023.75
2562,1470.0
2564,997.5
2565,1155.0
2567,1155.0
2568,1050.0
2569,1050.0
2572,1155.0
2573,1050.0
2574,1050.0
2575,1050.0
2576,1050.0
2578,997.5
2579,1050.0
2581,1050.0
2582,945.0
2583,1102.5
2585,997.5
2586,1050.0
2588,945.0
2589,997.5
2590,997.5
2592,1050.0
2593,1102.5
2595,1260.0
2596,1155.0
2597,1207.5
2600,1365.0
2601,997.5
2602,1050.0
2603,945.0
2604,840.0
2606,787.5
2607,840.0
2609,840.0
2610,945.0
2611,945.0
2613,945.0
2614,997.5
2616,1050.0
2617,1155.0
2618,1050.0
2620,1050.0
2621,997.5
2623,892.5
2624,840.0
2625,840.0
2627,840.0
2628,840.0
2630,840.0
2631,735.0
2632,840.0
2634,787.5
2635,787.5
2637,735.0
2638,1050.0
2639,630.0
2641,630.0
2642,630.0
2644,735.0
2645,630.0
2646,735.0
2648,840.0
2649,840.0
2650,840.0
2651,735.0
2652,840.0
2653,735.0
2655,840.0
2656,840.0
2658,892.5
2659,682.5
2660,735.0
2662,630.0
2663,682.5
2664,682.5
2665,630.0
2666,630.0
2667,787.5
2669,787.5
2670,840.0
2672,1102.5
2673,945.0
2674,1102.5
2677,1102.5
2678,840.0
2679,945.0
2680,997.5
2684,1050.0
2685,997.5
2686,735.0
2687,892.5
2688,945.0
2690,945.0
2691,787.5
2692,787.5
2693,735.0
2694,682.5
2695,630.0
2697,630.0
2698,630.0
2700,735.0
2701,525.0
2702,525.0
2704,630.0
2705,630.0
2706,735.0
2707,735.0
2708,630.0
2709,735.0
2711,840.0
2712,787.5
2714,840.0
2715,787.5
2716,735.0
2718,735.0
2719,735.0
2721,735.0
2722,735.0
2723,840.0
2725,840.0
2726,945.0
2728,945.0
2729,997.5
2730,945.0
2732,892.5
2733,1050.0
2735,1050.0
2736,1155.0
2737,945.0
2739,1365.0
2740,1470.0
2741,945.0
2742,1260.0
2743,1260.0
2744,1102.5
2746,1207.5
2747,1102.5
2749,1365.0
2750,1050.0
2751,1365.0
2754,1155.0
2755,1417.5
2756,840.0
2757,840.0
2758,1050.0
2760,787.5
2761,840.0
2763,945.0
2764,840.0
2765,1155.0
2767,1050.0
2768,1050.0
2769,630.0
2770,735.0
2771,735.0
2772,892.5
2774,735.0
2775,735.0
2776,787.5
2777,735.0
2778,840.0
2779,892.5
2781,945.0
2782,1050.0
2786,1102.5
2788,1102.5
2789,1155.0
2790,1102.5
2791,1155.0
2792,1155.0
2793,1050.0
2795,1102.5
2796,1050.0
2798,1050.0
2799,1102.5
2800,1155.0
2802,1207.5
2803,1260.0
2804,1260.0
2805,1260.0
2806,1260.0
2807,1260.0
2809,1260.0
2810,1312.5
2812,1627.5
2813,1417.5
2814,1417.5
2817,1470.0
2818,1575.0
2819,1575.0
2820,1575.0
2821,1522.5
2824,1522.5
2825,1417.5
2826,1365.0
2827,1470.0
2828,1470.0
2830,1575.0
2831,1260.0
2832,1365.0
2833,1312.5
2834,1417.5
2835,1260.0
2837,1050.0
2838,1102.5
2840,1050.0
2841,945.0
2842,997.5
2845,840.0
2846,1050.0
2847,840.0
2848,945.0
2849,945.0
2851,1155.0
2852,1155.0
2854,1470.0
2855,1470.0
2856,1680.0
2858,1470.0
2859,1050.0
2860,1207.5
2861,787.5
2862,840.0
2863,997.5
2866,1050.0
2867,1050.0
2868,1050.0
2869,945.0
2870,945.0
2872,1050.0
2873,1050.0
2875,997.5
2876,945.0
2877,945.0
2879,840.0
2880,945.0
2881,945.0
2882,945.0
2883,945.0
2886,945.0
2887,945.0
2889,945.0
2890,945.0
2891,945.0
2893,945.0
2894,840.0
2895,840.0
2896,840.0
2897,840.0
2898,840.0
2900,787.5
2901,840.0
2903,840.0
2904,840.0
2905,840.0
2907,840.0
2908,840.0
2909,997.5
2910,840.0
2911,840.0
2912,840.0
2914,840.0
2915,892.5
2916,945.0
2917,945.0
2918,1050.0
2919,1050.0
2920,1286.25
2927,945.0
2928,892.5
2929,787.5
2931,735.0
2932,735.0
2933,787.5
2936,735.0
2937,735.0
2938,735.0
2939,735.0
2940,735.0
2942,735.0
2943,735.0
2945,735.0
2946,735.0
2947,735.0
2949,735.0
2950,787.5
2952,787.5
2953,735.0
2954,787.5
2956,735.0
2957,787.5
2959,840.0
2960,787.5
2961,892.5
2963,945.0
2965,945.0
2966,1102.5
2967,1207.5
2968,1155.0
2970,1260.0
2971,1312.5
2973,1102.5
2974,892.5
2975,1207.5
2977,682.5
2978,735.0
2980,787.5
2981,787.5
2982,840.0
2984,840.0
2985,840.0
2987,840.0
2988,840.0
2989,840.0
2991,735.0
2992,735.0
2994,735.0
2995,735.0
2996,840.0
2998,735.0
2999,735.0
3000,682.5
3001,735.0
3003,735.0
3005,630.0
3006,682.5
3008,840.0
3009,630.0
3010,682.5
3012,630.0
3013,810.0
3014,756.0
3015,864.0
3016,756.0
3017,756.0
3019,756.0
3020,648.0
3022,756.0
3023,756.0
3024,756.0
3026,756.0
3027,756.0
3029,864.0
3030,864.0
3031,918.0
3033,972.0
3034,1080.0
3036,972.0
3037,972.0
3038,864.0
3040,972.0
3042,864.0
3043,972.0
3044,864.0
3049,702.0
3050,756.0
3051,756.0
3052,756.0
3054,756.0
3055,756.0
3057,864.0
3058,918.0
3059,864.0
3061,864.0
3062,756.0
3063,918.0
3064,864.0
3065,810.0
3066,864.0
3068,864.0
3069,1080.0
3071,1080.0
3072,810.0
3073,648.0
3075,864.0
3076,756.0
3078,756.0
3079,756.0
3080,648.0
3082,648.0
3083,648.0
3085,1188.0
3086,756.0
3087,648.0
3089,810.0
3090,756.0
3092,864.0
3093,864.0
3094,756.0
3096,972.0
3097,864.0
3099,864.0
3100,918.0
3101,756.0
3103,1255.5
3104,864.0
3105,756.0
3106,864.0
3107,1134.0
3108,918.0
3110,972.0
3111,810.0
3113,810.0
3114,810.0
3115,810.0
3117,1080.0
3118,1080.0
3119,1350.0
3120,837.0
3121,1026.0
3122,810.0
3125,999.0
3126,1026.0
3127,1242.0
3128,702.0
3129,756.0
3131,1080.0
3132,972.0
3134,1134.0
3135,864.0
3136,1080.0
3138,864.0
3139,918.0
3140,972.0
3141,1080.0
3142,1026.0
3143,1080.0
3145,1026.0
3146,1080.0
3147,1188.0
3148,1404.0
3153,1458.0
3154,1512.0
3155,1404.0
3156,1242.0
3157,1242.0
3159,1242.0
3160,1188.0
3162,1458.0
3163,1134.0
3164,1296.0
3166,1350.0
3167,1404.0
3168,1458.0
3169,1512.0
3170,1566.0
3171,1620.0
3173,1512.0
3174,1512.0
3176,1728.0
3177,1566.0
3178,1404.0
3181,1404.0
3182,1350.0
3183,1134.0
3184,1134.0
3185,1134.0
3187,1188.0
3189,1242.0
3190,1188.0
3191,1188.0
3192,1296.0
3194,1188.0
3195,1188.0
3196,1242.0
3197,1350.0
3198,1026.0
3199,972.0
3201,864.0
3202,756.0
3204,756.0
3205,756.0
3206,756.0
3209,864.0
3210,756.0
3211,756.0
3212,864.0
3213,756.0
3215,864.0
3216,756.0
3218,864.0
3219,648.0
3220,864.0
3222,702.0
3223,1080.0
3224,972.0
3225,648.0
3226,540.0
3227,648.0
3230,648.0
3231,864.0
3232,864.0
3233,648.0
3234,648.0
3236,648.0
3237,648.0
3239,648.0
3240,540.0
3241,648.0
3243,540.0
3244,864.0
3246,540.0
3247,648.0
3248,540.0
3251,540.0
3252,540.0
3253,594.0
3254,540.0
3255,594.0
3257,540.0
3258,594.0
3259,540.0
3260,540.0
3261,594.0
3262,432.0
3264,648.0
3265,648.0
3267,972.0
3268,540.0
3269,486.0
3271,432.0
3272,540.0
3273,540.0
3274,540.0
3275,540.0
3276,594.0
3278,648.0
3280,648.0
3281,756.0
3282,810.0
3283,756.0
3284,864.0
3285,1080.0
3292,1404.0
3293,972.0
3295,864.0
3296,702.0
3297,810.0
3300,702.0
3301,702.0
3302,756.0
3303,756.0
3304,756.0
3306,756.0
3307,810.0
3309,810.0
3310,864.0
3311,972.0
3313,864.0
3314,972.0
3316,972.0
3317,918.0
3318,972.0
3320,972.0
3321,918.0
3323,972.0
3324,1026.0
3325,972.0
3327,918.0
3328,918.0
3330,864.0
3331,864.0
3332,918.0
3334,810.0
3335,918.0
3337,918.0
3338,918.0
3339,972.0
3341,918.0
3342,1026.0
3344,1188.0
3345,1296.0
3346,1296.0
3348,1026.0
3349,1026.0
3351,972.0
3352,1026.0
3353,918.0
3355,810.0
3356,864.0
3358,810.0
3359,864.0
3360,864.0
3362,756.0
3363,810.0
3364,756.0
3365,864.0
3366,864.0
3369,756.0
3370,810.0
3372,810.0
3373,972.0
3374,810.0
3376,810.0
3377,810.0
3378,972.0
3379,1080.0
3380,1080.0
3381,1026.0
3383,1188.0
3384,1134.0
3386,1404.0
3387,1404.0
3388,1404.0
3390,1404.0
3391,1404.0
3393,1296.0
3394,1188.0
3395,1296.0
3397,1296.0
3398,1188.0
3400,1296.0
3401,1188.0
3402,1296.0
3404,1350.0
3405,1404.0
3407,1404.0
3408,1512.0
3409,1512.0
3413,1242.0
3414,1296.0
3415,1188.0
3416,1188.0
3418,1080.0
3419,1188.0
3421,1188.0
3422,1080.0
3423,1242.0
3425,1080.0
3426,1080.0
3427,1080.0
3428,1080.0
3429,972.0
3430,972.0
3432,1404.0
3433,972.0
3435,972.0
3436,1080.0
3437,1080.0
3439,864.0
3440,756.0
3442,891.0
3443,648.0
3444,810.0
3446,1080.0
3447,864.0
3449,1242.0
3450,1080.0
3451,1188.0
3453,1188.0
3454,1080.0
3456,1188.0
3457,1134.0
3458,1080.0
3460,1080.0
3461,1134.0
3463,1134.0
3464,864.0
3465,864.0
3467,1404.0
3468,1134.0
3469,1242.0
3470,1404.0
3471,1458.0
3472,1296.0
3474,1458.0
3475,1242.0
3477,1188.0
3478,1188.0
3479,1080.0
3481,1242.0
3482,1242.0
3483,1296.0
3484,1296.0
3485,1350.0
3486,1350.0
3489,1242.0
3490,1512.0
3491,1404.0
3492,1350.0
3493,864.0
3495,1080.0
3496,1296.0
3498,864.0
3499,1242.0
3500,864.0
3502,1296.0
3503,972.0
3504,1080.0
3505,1134.0
3506,1242.0
3507,1242.0
3509,1296.0
3510,1404.0
3511,1566.0
3512,1782.0
3516,1728.0
3517,1512.0
3518,1566.0
3519,1674.0
3520,1620.0
3521,1512.0
3523,1782.0
3524,1458.0
3526,1620.0
3527,1404.0
3528,1296.0
3530,1296.0
3531,1296.0
3532,1296.0
3533,1242.0
3534,1242.0
3535,1026.0
3537,972.0
3538,1026.0
3540,1836.0
3541,1080.0
3542,1188.0
3544,1188.0
3545,1080.0
3546,1188.0
3547,1188.0
3548,1296.0
3549,1350.0
3553,1431.0
3554,1242.0
3555,1080.0
3556,1188.0
3558,1188.0
3559,1134.0
3560,1080.0
3561,1134.0
3562,1080.0
3563,1080.0
3565,1458.0
3566,1134.0
3568,1188.0
3569,1188.0
3570,1188.0
3573,1080.0
3574,1134.0
3575,1080.0
3576,972.0
3577,972.0
3579,864.0
3580,810.0
3582,1242.0
3583,864.0
3584,756.0
3586,1188.0
3587,1242.0
3589,1134.0
3590,1188.0
3591,648.0
3593,864.0
3595,810.0
3596,810.0
3597,810.0
3598,864.0
3600,756.0
3601,756.0
3603,756.0
3604,648.0
3605,756.0
3607,756.0
3608,540.0
3610,756.0
3611,432.0
3612,756.0
3615,702.0
3616,540.0
3617,648.0
3618,540.0
3619,540.0
3621,432.0
3622,486.0
3623,702.0
3624,810.0
3625,540.0
3626,540.0
3628,486.0
3629,540.0
3631,540.0
3632,540.0
3633,486.0
3635,594.0
3636,540.0
3637,540.0
3638,540.0
3639,540.0
3640,540.0
3642,648.0
3643,810.0
3645,702.0
3646,486.0
3647,540.0
3648,594.0
3649,810.0
3650,648.0
3657,648.0
3658,594.0
3659,648.0
3660,486.0
3661,432.0
3664,432.0
3665,486.0
3666,540.0
3667,486.0
3668,486.0
3670,540.0
3671,540.0
3673,594.0
3674,594.0
3675,648.0
3677,702.0
3678,756.0
3680,810.0
3681,810.0
3682,864.0
3684,972.0
3685,1026.0
3687,1026.0
3688,1026.0
3689,972.0
3691,918.0
3692,810.0
3693,864.0
3695,1188.0
3696,810.0
3698,756.0
3699,810.0
3701,864.0
3702,756.0
3703,864.0
3705,864.0
3706,864.0
3708,918.0
3709,864.0
3710,864.0
3712,864.0
3713,864.0
3715,918.0
3716,864.0
3717,864.0
3719,864.0
3720,972.0
3722,972.0
3723,864.0
3724,972.0
3726,864.0
3727,864.0
3729,972.0
3730,972.0
3731,1080.0
3734,1188.0
3735,1296.0
3736,1134.0
3737,1296.0
3738,1296.0
3740,1296.0
3741,1296.0
3742,1296.0
3743,1026.0
3744,1188.0
3745,1188.0
3747,1188.0
3748,1188.0
3750,1188.0
3751,1188.0
3752,1188.0
3754,1188.0
3755,1080.0
3757,1188.0
3758,1080.0
3759,1134.0
3761,1026.0
3762,1026.0
3764,1026.0
3765,972.0
3766,972.0
3768,918.0
3769,918.0
3770,918.0
3771,918.0
3773,918.0
3775,972.0
3779,1080.0
3780,972.0
3782,1080.0
3783,1080.0
3785,1026.0
3786,1080.0
3787,1080.0
3789,918.0
3790,1080.0
3791,1080.0
3792,972.0
3793,1080.0
3794,1080.0
3796,972.0
3797,864.0
3799,648.0
3800,918.0
3801,756.0
3803,918.0
3804,756.0
3806,864.0
3807,864.0
3808,756.0
3810,1134.0
3811,756.0
3813,972.0
3814,972.0
3815,1080.0
3817,1080.0
3818,1134.0
3820,1188.0
3821,1188.0
3822,1134.0
3824,972.0
3825,972.0
3827,972.0
3828,918.0
3829,1026.0
3831,1134.0
3832,1134.0
3833,1242.0
3834,1296.0
3835,1350.0
3836,1512.0
3838,1566.0
3839,1674.0
3840,1890.0
3841,1782.0
3842,1512.0
3843,1782.0
3845,1512.0
3846,1566.0
3848,1512.0
3849,1404.0
3850,1296.0
3853,1350.0
3854,972.0
3855,1026.0
3856,1296.0
3857,918.0
3859,1620.0
3860,918.0
3862,1188.0
3863,918.0
3864,1026.0
3866,972.0
3867,918.0
3868,864.0
3869,918.0
3870,918.0
3871,864.0
3873,864.0
3874,972.0
3875,1134.0
3877,1728.0
3878,1404.0
3882,1998.0
3883,1620.0
3884,1728.0
3885,1728.0
3887,1620.0
3888,1620.0
3890,1404.0
3891,1296.0
3892,1296.0
3894,1296.0
3895,1404.0
3896,1458.0
3897,1404.0
3898,1404.0
3899,1512.0
3901,1512.0
3902,1512.0
3903,1404.0
3904,1404.0
3905,1404.0
3906,1296.0
3908,1296.0
3909,1296.0
3911,1404.0
3912,1512.0
3913,1404.0
3916,1296.0
3917,1404.0
3919,1512.0
3920,1404.0
3922,1512.0
3923,1620.0
3925,1620.0
3926,1512.0
3927,1404.0
3929,1512.0
3930,1404.0
3932,1620.0
3933,1620.0
3934,1512.0
3937,1512.0
3938,1620.0
3939,1512.0
3940,1620.0
3941,1620.0
3943,1620.0
3944,1836.0
3946,2052.0
3947,2160.0
3948,1944.0
3950,1728.0
3951,1728.0
3953,1836.0
3954,1620.0
3955,1512.0
3957,1404.0
3958,1404.0
3959,1512.0
3961,1512.0
3962,1458.0
3964,1512.0
3965,1512.0
3967,1620.0
3968,1566.0
3969,1512.0
3971,1512.0
3972,1512.0
3974,1674.0
3975,1242.0
3976,1134.0
3978,1026.0
3979,918.0
3981,972.0
3982,1080.0
3983,1080.0
3985,1296.0
3986,972.0
3987,972.0
3988,864.0
3989,972.0
3990,918.0
3992,864.0
3993,864.0
3995,918.0
3996,918.0
3997,918.0
3999,864.0
4000,864.0
4001,1296.0
4002,864.0
4003,972.0
4004,918.0
4006,972.0
4007,972.0
4008,918.0
4009,972.0
4011,972.0
4012,1026.0
4013,1080.0
4014,1080.0
4015,1026.0
4016,918.0
4023,972.0
4024,972.0
4025,864.0
4028,756.0
4029,918.0
4030,756.0
4031,756.0
4032,756.0
4034,756.0
4035,756.0
4037,756.0
4038,756.0
4039,756.0
4041,756.0
4042,810.0
4044,810.0
4045,864.0
4046,864.0
4048,864.0
4049,918.0
4051,864.0
4052,864.0
4053,864.0
4055,864.0
4056,864.0
4057,864.0
4058,864.0
4059,864.0
4062,918.0
4063,918.0
4065,918.0
4066,918.0
4067,918.0
4069,918.0
4070,918.0
4072,918.0
4073,972.0
4074,918.0
4076,918.0
4077,918.0
4078,972.0
4079,1026.0
4080,1026.0
4081,1026.0
4083,972.0
4084,972.0
4086,972.0
4087,972.0
4088,918.0
4090,918.0
4091,918.0
4093,972.0
4094,918.0
4095,918.0
4098,918.0
4099,918.0
4100,1026.0
4101,918.0
4102,972.0
4104,1080.0
4105,1080.0
4107,1080.0
4108,1296.0
4109,1188.0
4111,1296.0
4112,1188.0
4114,1188.0
4115,1080.0
4116,1080.0
4118,1188.0
4119,1080.0
4121,1080.0
4122,972.0
4123,864.0
4125,864.0
4126,864.0
4128,864.0
4129,864.0
4130,864.0
4132,864.0
4133,864.0
4134,864.0
4135,972.0
4136,972.0
4139,1080.0
4140,1134.0
4144,1188.0
4146,1080.0
4147,1080.0
4149,1026.0
4150,972.0
4151,1080.0
4153,864.0
4154,918.0
4155,864.0
4156,864.0
4157,810.0
4158,810.0
4160,864.0
4161,864.0
4163,756.0
4164,756.0
4165,756.0
4167,756.0
4168,918.0
4169,756.0
4170,1080.0
4171,864.0
4172,864.0
4174,864.0
4175,810.0
4177,864.0
4178,972.0
4179,1188.0
4181,1296.0
4182,1296.0
4184,1404.0
4185,1296.0
4186,1404.0
4188,1404.0
4189,1620.0
4191,1512.0
4192,2160.0
4193,1836.0
4195,1080.0
4196,972.0
4198,1809.0
4199,1458.0
4200,864.0
4202,756.0
4203,1188.0
4205,972.0
4206,972.0
4207,702.0
4209,1620.0
4210,864.0
4211,864.0
4212,1080.0
4213,756.0
4214,756.0
4217,1134.0
4218,756.0
4219,864.0
4220,756.0
4221,864.0
4223,1404.0
4224,648.0
4226,756.0
4227,864.0
4228,864.0
4230,756.0
4231,918.0
4232,918.0
4233,864.0
4234,918.0
4235,864.0
4237,1026.0
4238,864.0
4239,972.0
4240,864.0
4242,864.0
4246,918.0
4247,972.0
4248,918.0
4249,756.0
4251,864.0
4252,972.0
4254,756.0
4255,972.0
4256,864.0
4258,918.0
4259,1026.0
4261,1080.0
4262,810.0
4263,810.0
4265,864.0
4266,972.0
4267,1080.0
4268,1080.0
4269,1080.0
4270,1188.0
4272,1188.0
4273,1188.0
4275,972.0
4276,1080.0
4277,1134.0
4280,1080.0
4281,864.0
4282,864.0
4283,864.0
4286,864.0
4287,648.0
4289,756.0
4290,648.0
4291,864.0
4293,756.0
4294,648.0
4296,648.0
4297,648.0
4298,756.0
4301,648.0
4302,648.0
4303,648.0
4304,756.0
4305,756.0
4307,864.0
4308,918.0
4310,648.0
4311,918.0
4312,756.0
4314,864.0
4315,1080.0
4317,1080.0
4318,1080.0
4319,1188.0
4321,1134.0
4322,1080.0
4323,1026.0
4324,972.0
4326,864.0
4328,864.0
4329,864.0
4331,972.0
4332,972.0
4333,1080.0
4335,1080.0
4336,1080.0
4338,1080.0
4339,1080.0
4340,1080.0
4342,1188.0
4343,1188.0
4344,1296.0
4346,1242.0
4347,1296.0
4349,1296.0
4350,1404.0
4351,1404.0
4352,1296.0
4353,1404.0
4354,1350.0
4356,1350.0
4357,1350.0
4359,1404.0
4360,1350.0
4361,1350.0
4363,1350.0
4364,1404.0
4365,1674.0
4366,1404.0
4367,1458.0
4368,1458.0
4370,1512.0
4371,1620.0
4372,1620.0
4373,1674.0
4374,1728.0
4375,1728.0
4377,1782.0
4378,1998.0
4379,1998.0
4380,1998.0
4381,2052.0
4388,2160.0
4389,2268.0
4392,2268.0
4393,2214.0
4394,2322.0
4395,2322.0
4396,2214.0
4398,2214.0
4399,2160.0
4401,1944.0
4402,1782.0
4403,1782.0
4405,1728.0
4406,1728.0
4408,1620.0
4409,1620.0
4410,1620.0
4412,1620.0
4413,1620.0
4415,1512.0
4416,1620.0
4417,1620.0
4419,1728.0
4420,1728.0
4422,1836.0
4423,1836.0
4424,1836.0
4427,1890.0
4428,1890.0
4429,1890.0
4430,1674.0
4431,1728.0
4433,1728.0
4434,1836.0
4436,1728.0
4437,1728.0
4438,1836.0
4440,1836.0
4441,1836.0
4443,1944.0
4444,1836.0
4445,1836.0
4447,1836.0
4448,1836.0
4450,1944.0
4451,1728.0
4452,1620.0
4454,1458.0
4455,1350.0
4457,1188.0
4458,1080.0
4459,1026.0
4461,1080.0
4462,972.0
4464,972.0
4465,972.0
4466,918.0
4468,864.0
4469,864.0
4471,810.0
4472,864.0
4473,864.0
4475,972.0
4476,972.0
4478,864.0
4479,864.0
4480,972.0
4482,1080.0
4483,864.0
4485,864.0
4486,864.0
4487,810.0
4489,918.0
4490,918.0
4492,1539.0
4493,1026.0
4494,972.0
4496,972.0
4497,918.0
4499,918.0
4500,864.0
4501,918.0
4504,1080.0
4505,756.0
4506,648.0
4510,756.0
4511,702.0
4513,864.0
4514,1080.0
4515,810.0
4517,864.0
4518,810.0
4520,972.0
4521,972.0
4522,972.0
4524,918.0
4525,972.0
4527,1080.0
4528,1080.0
4529,918.0
4531,1134.0
4532,1242.0
4534,972.0
4535,864.0
4536,972.0
4538,972.0
4539,1188.0
4541,1188.0
4542,1188.0
4543,864.0
4545,972.0
4546,1080.0
4548,1080.0
4549,1188.0
4550,1188.0
4552,1188.0
4553,1188.0
4555,1188.0
4556,1188.0
4557,1080.0
4559,864.0
4560,810.0
4562,1296.0
4563,810.0
4564,864.0
4566,864.0
4567,810.0
4569,918.0
4570,1026.0
4571,972.0
4573,1080.0
4574,1080.0
4575,1080.0
4576,1188.0
4577,1188.0
4578,1296.0
4581,1620.0
4582,1566.0
4583,1512.0
4584,1512.0
4585,1620.0
4587,1566.0
4588,1512.0
4590,1566.0
4591,1512.0
4592,1512.0
4594,1512.0
4595,1458.0
4596,1404.0
4597,1296.0
4598,1458.0
4599,1404.0
4601,1242.0
4602,1350.0
4603,1296.0
4604,1404.0
4605,1458.0
4606,1350.0
4608,1350.0
4612,1404.0
4613,1350.0
4615,1242.0
4616,1188.0
4618,1242.0
4619,1188.0
4620,1134.0
4622,1134.0
4623,1134.0
4625,1080.0
4626,1080.0
4627,1026.0
4629,1188.0
4630,1188.0
4632,1512.0
4633,1296.0
4634,1620.0
4636,1458.0
4637,1404.0
4639,1566.0
4640,1566.0
4641,1188.0
4644,1242.0
4645,1188.0
4646,1242.0
4647,1188.0
4648,1188.0
4651,1188.0
4652,1188.0
4653,1134.0
4654,1080.0
4655,1026.0
4657,1512.0
4658,1134.0
4660,1188.0
4661,1080.0
4662,1080.0
4665,972.0
4666,1026.0
4667,864.0
4668,1296.0
4669,918.0
4671,810.0
4672,810.0
4674,918.0
4675,972.0
4676,972.0
4678,1080.0
4679,1080.0
4681,1080.0
4682,1188.0
4683,1188.0
4685,1080.0
4686,1026.0
4687,1512.0
4688,972.0
4689,1080.0
4692,972.0
4693,972.0
4695,864.0
4696,702.0
4697,864.0
4699,756.0
4700,1620.0
4702,1404.0
4703,648.0
4704,540.0
4706,540.0
4707,540.0
4708,648.0
4709,648.0
4711,702.0
4713,648.0
4714,648.0
4715,702.0
4716,648.0
4717,648.0
4718,810.0
4720,540.0
4721,675.0
4723,675.0
4724,918.0
4725,486.0
4727,810.0
4728,1296.0
4730,918.0
4731,594.0
4732,675.0
4734,918.0
4735,918.0
4736,810.0
4737,675.0
4738,918.0
4739,540.0
4741,540.0
4742,540.0
4743,648.0
4744,648.0
4745,648.0
4746,783.0
4753,810.0
4755,756.0
4756,702.0
4758,648.0
4759,648.0
4760,648.0
4763,702.0
4764,702.0
4765,702.0
4766,702.0
4767,756.0
4769,648.0
4770,756.0
4772,756.0
4773,702.0
4774,702.0
4776,648.0
4777,702.0
4779,756.0
4780,864.0
4781,864.0
4783,972.0
4784,1080.0
4786,1080.0
4787,1080.0
4788,1026.0
4791,1026.0
4792,1080.0
4793,864.0
4794,972.0
4795,864.0
4797,756.0
4798,810.0
4800,810.0
4801,756.0
4802,810.0
4804,810.0
4805,756.0
4807,756.0
4808,648.0
4809,648.0
4811,756.0
4812,756.0
4814,864.0
4815,918.0
4816,918.0
4818,756.0
4819,810.0
4821,810.0
4822,810.0
4823,702.0
4825,756.0
4826,810.0
4827,810.0
4829,810.0
4830,864.0
4832,864.0
4833,918.0
4835,918.0
4836,918.0
4837,918.0
4839,1080.0
4840,1080.0
4842,972.0
4843,864.0
4844,864.0
4846,864.0
4847,972.0
4849,972.0
4850,1080.0
4851,1080.0
4853,972.0
4854,1188.0
4856,1134.0
4857,1188.0
4858,1026.0
4860,864.0
4861,864.0
4863,864.0
4864,864.0
4865,864.0
4867,756.0
4870,918.0
4871,756.0
4874,702.0
4875,648.0
4877,648.0
4878,756.0
4879,702.0
4881,918.0
4882,972.0
4884,1026.0
4885,1080.0
4886,1188.0
4888,1134.0
4889,1080.0
4891,1080.0
4892,972.0
4893,756.0
4895,918.0
4896,1026.0
4898,1026.0
4899,648.0
4900,864.0
4902,540.0
4903,864.0
4905,648.0
4906,756.0
4907,864.0
4909,756.0
4910,972.0
4912,1080.0
4913,1080.0
4914,1080.0
4916,1080.0
4917,1188.0
4919,1080.0
4920,972.0
4921,756.0
4923,648.0
4924,756.0
4926,756.0
4927,756.0
4928,864.0
4930,756.0
4931,918.0
4933,810.0
4934,756.0
4935,702.0
4937,756.0
4938,810.0
4940,1134.0
4941,864.0
4942,864.0
4945,756.0
4946,972.0
4947,810.0
4948,756.0
4949,972.0
4951,1080.0
4952,756.0
4954,756.0
4955,864.0
4956,540.0
4958,648.0
4959,864.0
4961,864.0
4962,1188.0
4963,702.0
4965,1188.0
4966,864.0
4968,918.0
4969,864.0
4970,1026.0
4972,1026.0
4973,1080.0
4977,1134.0
4979,1134.0
4980,1296.0
4982,1188.0
4983,972.0
4984,972.0
4986,1242.0
4987,1296.0
4989,972.0
4990,918.0
4991,918.0
4993,972.0
4994,972.0
4996,918.0
4997,864.0
4998,972.0
5000,972.0
5001,972.0
5003,918.0
5004,1350.0
5005,756.0
5008,864.0
5009,594.0
5010,756.0
5011,1404.0
5012,810.0
5015,864.0
5016,918.0
5017,972.0
5018,1026.0
5019,972.0
5021,918.0
5022,1080.0
5024,1080.0
5025,972.0
5026,972.0
5028,918.0
5029,864.0
5031,1620.0
5032,1620.0
5033,756.0
5036,756.0
5037,648.0
5038,648.0
5039,648.0
5040,756.0
5042,648.0
5044,972.0
5045,972.0
5046,864.0
5047,1296.0
5049,864.0
5050,1296.0
5052,1026.0
5053,972.0
5054,972.0
5057,864.0
5058,1080.0
5059,972.0
5060,972.0
5061,1026.0
5063,972.0
5064,972.0
5066,1080.0
5067,1080.0
5068,1026.0
5070,1026.0
5071,1026.0
5073,1026.0
5074,1080.0
5077,972.0
5078,972.0
5080,864.0
5081,864.0
5082,864.0
5084,756.0
5085,756.0
5087,756.0
5088,756.0
5089,1080.0
5091,702.0
5092,648.0
5094,702.0
5095,702.0
5096,648.0
5098,540.0
5099,648.0
5101,648.0
5102,648.0
5103,648.0
5105,648.0
5106,594.0
5107,810.0
5108,594.0
5109,864.0
5110,864.0
5111,702.0
5118,864.0
5119,918.0
5122,918.0
5123,1188.0
5124,918.0
5127,702.0
5128,756.0
5129,810.0
5130,756.0
5131,756.0
5133,648.0
5134,648.0
5136,594.0
5137,702.0
5138,702.0
5140,648.0
5141,756.0
5143,702.0
5144,756.0
5145,756.0
5147,594.0
5148,648.0
5150,648.0
5151,702.0
5152,702.0
5154,648.0
5156,756.0
5157,810.0
5158,702.0
5159,756.0
5161,756.0
5162,810.0
5164,756.0
5165,810.0
5166,810.0
5169,810.0
5170,756.0
5171,810.0
5172,810.0
5173,702.0
5175,702.0
5176,810.0
5178,702.0
5179,756.0
5180,756.0
5182,702.0
5183,702.0
5185,702.0
5186,648.0
5187,648.0
5189,648.0
5190,810.0
5191,702.0
5192,648.0
5194,702.0
5196,756.0
5197,810.0
5199,864.0
5200,972.0
5201,1080.0
5203,1188.0
5204,1134.0
5206,1188.0
5207,1296.0
5208,1188.0
5210,918.0
5211,972.0
5213,1080.0
5214,1080.0
5215,972.0
5217,1026.0
5218,972.0
5220,1026.0
5221,1026.0
5222,1188.0
5224,1134.0
5225,1242.0
5227,1242.0
5228,1296.0
5229,1134.0
5231,1134.0
5232,1188.0
5234,1242.0
5235,1188.0
5236,1188.0
5238,1242.0
5241,1134.0
5242,972.0
5243,864.0
5245,864.0
5246,864.0
5248,756.0
5249,864.0
5250,1080.0
5252,972.0
5253,1026.0
5255,1188.0
5256,1296.0
5257,1296.0
5259,1296.0
5260,1296.0
5262,1296.0
5263,1296.0
5264,1134.0
5266,1404.0
5267,1296.0
5269,1458.0
5270,1188.0
5271,1026.0
5273,1404.0
5274,1404.0
5276,1404.0
5277,1134.0
5278,1188.0
5280,1404.0
5281,1404.0
5283,1404.0
5284,1296.0
5285,1296.0
5287,1080.0
5288,1296.0
5290,1296.0
5291,1296.0
5292,1080.0
5294,1296.0
5295,1296.0
5297,1296.0
5298,1296.0
5299,1296.0
5301,1296.0
5302,1296.0
5304,1296.0
5305,1296.0
5306,1296.0
5308,1296.0
5309,1296.0
5311,1296.0
5312,1296.0
5313,1296.0
5315,1296.0
5316,1296.0
5317,1296.0
5319,1296.0
5320,1296.0
5322,1296.0
5323,1296.0
5325,1296.0
5326,1296.0
5327,1296.0
5329,1080.0
5330,1080.0
5332,1080.0
5333,1080.0
5334,1080.0
5337,1080.0
5338,1080.0
5339,1080.0
5343,1080.0
5344,1188.0
5346,1296.0
5347,1188.0
5348,1296.0
5350,1296.0
5351,1296.0
5353,1296.0
5354,1296.0
5355,1188.0
5357,1296.0
5358,1296.0
5360,1296.0
5361,1296.0
5362,1296.0
5364,1296.0
5365,1296.0
5367,1296.0
5368,1296.0
5369,1296.0
5371,1296.0
5372,1026.0
5374,1080.0
5375,1080.0
5376,1026.0
5378,1134.0
5381,1080.0
5382,1080.0
5383,1188.0
5385,1080.0
5386,1620.0
5388,1620.0
5389,1296.0
5390,1620.0
5392,1620.0
5393,1296.0
5395,1296.0
5396,972.0
5397,1296.0
5399,1296.0
5400,1296.0
5402,1296.0
5403,1296.0
5404,1296.0
5406,972.0
5407,1296.0
5409,972.0
5410,972.0
5411,972.0
5413,972.0
5414,972.0
5416,972.0
5417,972.0
5418,972.0
5420,972.0
5422,972.0
5423,972.0
5424,972.0
5425,972.0
5427,972.0
5428,972.0
5430,972.0
5431,972.0
5432,972.0
5434,972.0
5435,972.0
5437,972.0
5438,972.0
5439,864.0
5442,972.0
5443,972.0
5444,432.0
5445,432.0
5446,432.0
5448,486.0
5449,432.0
5451,486.0
5452,486.0
5453,432.0
5455,486.0
5456,540.0
5458,486.0
5459,432.0
5460,432.0
5462,432.0
5463,432.0
5465,486.0
5466,486.0
5467,540.0
5469,648.0
5470,864.0
5472,864.0
5473,864.0
5474,864.0
5476,972.0
5477,972.0
5484,1080.0
5486,1080.0
5487,1026.0
5488,972.0
5491,918.0
5492,918.0
5493,756.0
5494,810.0
5495,810.0
5497,756.0
5498,810.0
5500,810.0
5501,756.0
5502,810.0
5504,864.0
5505,1188.0
5507,972.0
5508,972.0
5509,972.0
5511,1080.0
5512,972.0
5514,972.0
5515,972.0
5516,864.0
5518,756.0
5519,648.0
5520,756.0
5522,756.0
5523,810.0
5525,810.0
5526,756.0
5528,864.0
5529,756.0
5530,756.0
5532,918.0
5534,918.0
5535,810.0
5536,918.0
5537,810.0
5539,864.0
5540,756.0
5542,864.0
5543,864.0
5544,864.0
5546,864.0
5547,864.0
5549,864.0
5550,864.0
5551,864.0
5553,864.0
5554,810.0
5555,864.0
5556,864.0
5557,918.0
5560,810.0
5561,1080.0
5563,918.0
5564,918.0
5565,918.0
5567,864.0
5568,918.0
5570,918.0
5571,918.0
5572,702.0
5574,621.0
5575,594.0
5577,594.0
5578,540.0
5579,540.0
5581,648.0
5582,648.0
5584,756.0
5585,756.0
5586,756.0
5588,756.0
5589,756.0
5591,756.0
5592,702.0
5593,756.0
5595,864.0
5596,864.0
5597,864.0
5599,972.0
5600,972.0
5602,972.0
5605,972.0
5606,972.0
5607,864.0
5609,756.0
5610,756.0
5612,702.0
5613,648.0
5614,702.0
5616,702.0
5617,702.0
5619,810.0
5620,756.0
5621,864.0
5623,864.0
5624,864.0
5626,1080.0
5627,756.0
5628,864.0
5630,864.0
5631,1080.0
5633,1080.0
5634,1296.0
5635,1404.0
5637,1620.0
5638,1620.0
5640,1620.0
5641,1620.0
5642,1620.0
5644,1404.0
5645,1296.0
5647,1188.0
5648,1080.0
5649,864.0
5651,864.0
5652,972.0
5654,972.0
5655,972.0
5656,1080.0
5658,864.0
5659,918.0
5661,1080.0
5662,1188.0
5663,1188.0
5665,1188.0
5666,1188.0
5668,1080.0
5669,1188.0
5670,1080.0
5672,864.0
5673,756.0
5675,756.0
5676,756.0
5677,648.0
5679,864.0
5680,729.0
5681,756.0
5683,810.0
5684,864.0
5686,810.0
5687,918.0
5688,864.0
5689,972.0
5691,756.0
5693,756.0
5694,756.0
5695,864.0
5696,756.0
5698,756.0
5701,810.0
5702,864.0
5703,972.0
5704,1026.0
5708,1134.0
5710,1134.0
5711,1188.0
5712,1188.0
5714,1080.0
5715,1080.0
5717,972.0
5718,864.0
5719,810.0
5721,1188.0
5722,972.0
5724,864.0
5725,864.0
5726,864.0
5728,810.0
5729,972.0
5731,1188.0
5732,1080.0
5733,1242.0
5735,1242.0
5736,1188.0
5738,1188.0
5739,1188.0
5740,1188.0
5743,1188.0
5744,1188.0
5746,1080.0
5747,1080.0
5749,1134.0
5750,1080.0
5752,1188.0
5753,1188.0
5754,1188.0
5756,1188.0
5757,1296.0
5759,1188.0
5760,1080.0
5761,1080.0
5763,972.0
5764,756.0
5766,756.0
5767,756.0
5768,756.0
5770,756.0
5771,756.0
5773,864.0
5774,864.0
5775,756.0
5777,864.0
5778,864.0
5780,918.0
5781,972.0
5782,972.0
5784,864.0
5785,864.0
5787,648.0
5788,756.0
5789,648.0
5791,756.0
5792,648.0
5794,648.0
5795,648.0
5796,648.0
5798,540.0
5799,540.0
5801,810.0
5802,648.0
5803,648.0
5805,648.0
5807,432.0
5808,540.0
5809,540.0
5810,486.0
5812,675.0
5813,621.0
5815,432.0
5816,540.0
5817,540.0
5819,621.0
5820,486.0
5822,486.0
5823,621.0
5824,486.0
5826,486.0
5827,540.0
5829,540.0
5830,540.0
5831,486.0
5833,594.0
5834,540.0
5836,648.0
5837,756.0
5838,756.0
5840,1026.0
5841,864.0
5842,1242.0
