date,price
20060105,1233.75
20060106,1155
20060107,1155
20060110,1260
20060111,1260
20060112,1260
20060113,1155
20060114,1260
20060116,1155
20060117,1155
20060119,1050
20060120,1050
20060121,1050
20060123,1155
20060124,1155
20060126,1155
20060127,1155
20060128,1155
20060130,1155
20060131,1155
20060201,1417.5
20060202,1260
20060203,1365
20060204,1365
20060206,1470
20060207,1575
20060208,1575
20060209,1575
20060210,1470
20060213,1260
20060214,1365
20060216,1260
20060217,1260
20060218,1050
20060220,1155
20060221,1155
20060223,1365
20060224,1365
20060225,1260
20060227,1260
20060228,1365
20060301,1365
20060302,1365
20060303,1365
20060304,1365
20060306,1470
20060307,1155
20060309,1155
20060310,1050
20060311,1050
20060313,997.5
20060314,1050
20060316,1050
20060317,1050
20060318,1050
20060320,1050
20060322,1102.5
20060323,1050
20060324,1050
20060325,1155
20060327,1050
20060328,1050
20060329,1050
20060330,945
20060331,1050
20060401,1102.5
20060403,1050
20060404,1050
20060405,1050
20060406,1102.5
20060407,1102.5
20060408,1260
20060410,1102.5
20060411,1050
20060413,1102.5
20060414,1050
20060415,892.5
20060417,840
20060418,945
20060420,840
20060421,840
20060422,840
20060424,840
20060425,840
20060426,840
20060427,945
20060428,1050
20060501,1155
20060502,1050
20060505,1155
20060506,997.5
20060508,945
20060509,997.5
20060511,892.5
20060512,840
20060513,945
20060515,682.5
20060516,840
20060517,630
20060518,630
20060519,735
20060520,813.75
20060522,892.5
20060523,945
20060525,997.5
20060526,1050
20060527,1155
20060529,1260
20060530,1050
20060531,945
20060601,1283.75
20060602,735
20060603,945
20060605,892.5
20060606,840
20060607,892.5
20060608,971.25
20060609,918.75
20060610,918.75
20060612,840
20060613,892.5
20060615,892.5
20060616,892.5
20060617,840
20060619,787.5
20060620,787.5
20060621,945
20060622,1155
20060623,630
20060624,630
20060626,840
20060627,630
20060629,682.5
20060630,735
20060701,735
20060703,1050
20060704,1050
20060706,1312.5
20060707,945
20060708,971.5
20060710,1155
20060711,1155
20060712,1155
20060713,1155
20060714,1207.5
20060715,945
20060718,1102.5
20060719,1155
20060720,1050
20060721,1260
20060722,1050
20060724,1155
20060725,1155
20060727,1365
20060728,1365
20060729,1522.5
20060731,1575
20060801,1680
20060802,1680
20060803,1470
20060804,1470
20060805,1260
20060807,1732.5
20060808,1155
20060809,1050
20060810,1312.75
20060811,1155
20060812,1365
20060813,1155
20060817,1155
20060818,787.5
20060819,945
20060821,1023.75
20060822,840
20060824,1233.75
20060825,840
20060826,1050
20060828,840
20060829,787.5
20060830,840
20060831,892.5
20060901,945
20060902,997.5
20060904,1050
20060905,1102.5
20060906,1155
20060907,997.5
20060908,892.5
20060909,840
20060911,1102.5
20060912,840
20060914,787.5
20060915,840
20060916,945
20060919,945
20060920,997.5
20060921,945
20060922,892.5
20060925,945
20060926,840
20060928,892.5
20060929,840
20060930,787.5
20061002,840
20061003,787.5
20061004,735
20061005,735
20061006,916.25
20061007,735
20061010,630
20061011,525
20061012,525
20061013,525
20061014,525
20061016,630
20061017,630
20061019,630
20061020,735
20061021,630
20061023,577.5
20061024,630
20061026,630
20061027,577.5
20061028,525
20061030,472.5
20061031,472.5
20061101,420
20061102,420
20061104,525
20061106,420
20061107,840
20061109,840
20061110,840
20061111,840
20061113,690.5
20061114,551.25
20061115,630
20061116,617
20061117,735
20061118,735
20061120,716.75
20061121,525
20061122,420
20061124,630
20061125,472.5
20061127,472.5
20061128,420
20061129,420
20061130,472.5
20061201,546
20061202,472.5
20061204,499
20061205,420
20061206,420
20061207,630
20061208,656.25
20061209,472.5
20061211,420
20061212,420
20061214,420
20061215,420
20061216,420
20061218,682.5
20061219,420
20061220,420
20061221,457
20061222,735
20061224,735
20061225,472.5
20061226,682.5
20061227,735
20061228,630
20061229,840
20070105,840
20070106,735
20070109,1050
20070110,630
20070111,420
20070112,420
20070113,525
20070115,525
20070116,945
20070118,945
20070119,525
20070120,420
20070122,525
20070123,420
20070125,630
20070126,420
20070127,525
20070129,420
20070130,525
20070131,525
20070201,945
20070202,420
20070203,630
20070205,630
20070206,525
20070207,420
20070208,525
20070209,551.5
20070210,735
20070213,735
20070214,630
20070215,577.5
20070216,630
20070217,630
20070219,525
20070220,630
20070222,945
20070223,630
20070224,630
20070226,735
20070227,735
20070301,719.25
20070302,735
20070303,630
20070305,701
20070306,525
20070307,682.5
20070308,420
20070309,708.75
20070310,420
20070312,420
20070313,525
20070315,525
20070316,630
20070317,630
20070319,682.5
20070320,788
20070322,945
20070323,1102.5
20070324,1207.5
20070326,1312.5
20070327,1417.5
20070329,1207.5
20070330,1050
20070331,945
20070402,735
20070403,735
20070404,735
20070405,682.5
20070406,735
20070407,814
20070409,840
20070410,919
20070412,840
20070413,945
20070414,945
20070416,945
20070417,1102.5
20070418,1260
20070419,1207.5
20070420,1155
20070421,1050
20070423,971.5
20070424,1050
20070426,1050
20070427,997.5
20070428,840
20070501,787.5
20070502,787.5
20070504,787.5
20070507,840
20070508,866.25
20070510,945
20070511,840
20070512,945
20070514,787.5
20070515,735
20070516,735
20070517,735
20070518,945
20070519,945
20070521,1050
20070522,1102.5
20070524,945
20070525,945
20070526,945
20070528,997.5
20070529,735
20070530,1128.75
20070531,945
20070601,945
20070602,945
20070604,997.5
20070605,840
20070606,892.5
20070607,840
20070608,551.5
20070609,630
20070611,682.5
20070612,682.5
20070614,735
20070615,525
20070616,630
20070618,735
20070619,735
20070620,735
20070621,656.25
20070622,840
20070623,840
20070625,840
20070626,840
20070628,892.5
20070629,853.25
20070630,787.5
20070702,1050
20070703,840
20070704,892.5
20070705,735
20070706,735
20070707,630
20070709,840
20070710,997.5
20070712,945
20070713,997.5
20070714,840
20070717,1155
20070718,1050
20070719,945
20070720,945
20070721,945
20070723,945
20070724,945
20070726,945
20070727,945
20070728,1050
20070730,1076.25
20070731,813.75
20070801,997.5
20070802,525
20070803,525
20070804,1102.5
20070806,892.5
20070807,892.5
20070808,787.5
20070809,735
20070810,997.5
20070811,945
20070813,630
20070814,735
20070818,1050
20070820,1050
20070821,1155
20070823,1260
20070824,1365
20070825,1365
20070827,1365
20070828,1365
20070829,1260
20070830,1155
20070831,1050
20070901,945
20070903,945
20070904,945
20070905,945
20070906,997.5
20070907,997.5
20070908,997.5
20070910,1102.5
20070911,892.5
20070913,840
20070914,787.5
20070915,1102.5
20070918,787.5
20070919,840
20070920,892.5
20070921,945
20070922,945
20070925,1155
20070926,1050
20070927,997.5
20070928,997.5
20070929,997.5
20071001,1102.5
20071002,1260
20071003,1312.5
20071004,1417.5
20071005,1417.5
20071006,1365
20071009,1417.5
20071010,1050
20071011,945
20071012,945
20071013,945
20071015,892.5
20071016,945
20071018,1050
20071019,1102.5
20071020,1050
20071022,997.5
20071023,945
20071025,840
20071026,787.5
20071027,1155
20071029,840
20071030,735
20071031,787.5
20071101,840
20071102,840
20071105,1050
20071106,1050
20071107,787.5
20071108,787.5
20071109,945
20071110,682.5
20071112,630
20071113,525
20071115,525
20071116,840
20071117,577.5
20071119,577.5
20071120,735
20071121,787.5
20071122,735
20071124,630
20071126,630
20071127,682.5
20071129,735
20071130,787.5
20071201,892.5
20071203,787.5
20071204,682.5
20071205,630
20071206,630
20071207,630
20071208,840
20071210,630
20071211,840
20071213,630
20071214,630
20071215,840
20071217,630
20071218,630
20071219,630
20071220,577.5
20071221,577.5
20071222,630
20071224,577.5
20071225,735
20071226,630
20071227,682.5
20071228,840
20071229,787.5
20080105,840
20080107,525
20080108,735
20080110,630
20080111,577.5
20080112,630
20080115,630
20080116,525
20080117,630
20080118,630
20080119,525
20080121,656.25
20080122,420
20080124,525
20080125,525
20080126,525
20080128,525
20080129,525
20080130,630
20080131,735
20080201,630
20080202,682.5
20080204,735
20080205,840
20080206,840
20080207,840
20080208,840
20080209,840
20080212,840
20080213,840
20080214,840
20080215,840
20080216,840
20080218,735
20080219,945
20080220,735
20080221,735
20080222,787.5
20080223,735
20080225,840
20080226,1155
20080228,1260
20080229,1050
20080301,1102.5
20080303,1260
20080304,1155
20080306,1260
20080307,1260
20080308,1260
20080310,1260
20080311,1260
20080313,945
20080314,892.5
20080315,945
20080317,787.5
20080318,866.5
20080319,735
20080321,735
20080322,945
20080324,787.5
20080325,945
20080327,892.5
20080328,892.5
20080329,735
20080331,735
20080401,840
20080402,840
20080403,840
20080404,735
20080405,840
20080407,840
20080408,840
20080410,945
20080411,945
20080412,997.5
20080414,945
20080415,945
20080416,840
20080417,892.5
20080418,787.5
20080419,840
20080421,840
20080422,814
20080424,735
20080425,708.75
20080426,840
20080428,840
20080430,945
20080501,971.5
20080502,945
20080506,945
20080507,840
20080508,840
20080509,735
20080510,735
20080512,1039.5
20080513,945
20080515,958.25
20080516,1050
20080517,1023.75
20080519,997.5
20080520,840
20080521,918.75
20080522,840
20080523,945
20080524,719.5
20080526,735
20080527,630
20080529,840
20080530,735
20080531,814
20080602,630
20080603,735
20080605,735
20080606,735
20080607,735
20080609,735
20080610,735
20080612,735
20080613,840
20080614,787.5
20080616,735
20080617,577.5
20080619,630
20080620,840
20080621,735
20080623,840
20080624,840
20080626,840
20080627,735
20080628,735
20080630,630
20080701,840
20080702,735
20080703,945
20080704,840
20080705,840
20080707,735
20080708,1207.5
20080710,1050
20080711,1050
20080712,945
20080714,945
20080715,945
20080716,1102.5
20080717,945
20080718,682.5
20080719,525
20080722,525
20080723,577.5
20080724,1050
20080725,630
20080726,682.5
20080728,735
20080729,892.5
20080730,787.5
20080731,787.5
20080801,787.5
20080802,892.5
20080804,892.5
20080805,892.5
20080806,945
20080807,945
20080808,892.5
20080809,892.5
20080811,892.5
20080812,892.5
20080813,945
20080814,997.5
20080818,1102.5
20080819,945
20080820,840
20080821,630
20080822,682.5
20080823,1155
20080825,682.5
20080826,682.5
20080828,787.5
20080829,787.5
20080830,787.5
20080901,735
20080902,840
20080903,840
20080904,735
20080905,787.5
20080906,840
20080908,945
20080909,945
20080911,1050
20080912,1050
20080913,1155
20080916,1354.5
20080917,1417.5
20080918,1365
20080919,1470
20080920,1365
20080922,1365
20080924,1155
20080925,1102.5
20080926,1102.5
20080927,1102.5
20080929,1260
20080930,1260
20081001,1470
20081002,1575
20081003,1680
20081004,1680
20081006,1680
20081007,1470
20081009,1155
20081010,1050
20081011,840
20081014,1260
20081015,682.5
20081016,682.5
20081017,630
20081018,787.5
20081020,735
20081021,945
20081023,945
20081024,787.5
20081025,1050
20081027,945
20081028,945
20081029,682.5
20081030,420
20081031,840
20081101,840
20081104,840
20081105,735
20081106,735
20081107,735
20081108,735
20081110,840
20081111,735
20081113,735
20081114,735
20081115,787.5
20081117,735
20081118,630
20081119,735
20081120,630
20081121,630
20081122,735
20081125,787.5
20081126,630
20081127,682.5
20081128,892.5
20081129,735
20081201,787.5
20081202,840
20081203,814
20081204,945
20081205,840
20081206,840
20081208,735
20081209,840
20081211,735
20081212,735
20081213,1050
20081215,682.5
20081216,840
20081217,630
20081218,735
20081219,971.25
20081220,840
20081222,945
20081224,630
20081225,735
20081226,945
20081227,840
20081228,682.5
20081229,630
20090105,630
20090106,577.5
20090107,630
20090108,577.5
20090109,630
20090110,682.5
20090113,682.5
20090114,735
20090115,630
20090116,735
20090117,735
20090119,735
20090120,735
20090122,735
20090123,735
20090124,735
20090126,735
20090127,840
20090129,840
20090130,840
20090131,840
20090202,945
20090203,840
20090204,840
20090205,735
20090206,735
20090207,630
20090209,630
20090210,525
20090212,630
20090213,945
20090214,630
20090216,630
20090217,735
20090218,735
20090219,945
20090220,525
20090221,630
20090223,630
20090224,735
20090226,630
20090227,735
20090228,735
20090302,840
20090303,840
20090305,945
20090306,787.5
20090307,945
20090309,682.5
20090310,577.5
20090312,787.5
20090313,787.5
20090314,630
20090316,682.5
20090317,735
20090318,735
20090319,840
20090321,840
20090323,735
20090324,735
20090326,840
20090327,945
20090328,787.5
20090330,840
20090331,892.5
20090401,1102.5
20090402,1155
20090403,1260
20090404,1312.5
20090406,1260
20090407,1260
20090409,1155
20090410,1260
20090411,1155
20090413,1102.5
20090414,1102.5
20090415,1050
20090416,1102.5
20090417,1050
20090418,1050
20090420,1050
20090421,1050
20090423,1102.5
20090424,945
20090425,997.5
20090427,840
20090428,945
20090430,735
20090501,735
20090502,656.25
20090504,840
20090507,840
20090508,945
20090509,1050
20090511,1050
20090512,1050
20090514,1050
20090515,997.5
20090516,1050
20090518,945
20090519,997.5
20090520,971.25
20090521,945
20090522,945
20090523,945
20090525,945
20090526,997.5
20090528,945
20090529,945
20090530,945
20090601,945
20090602,945
20090604,892.5
20090605,840
20090606,787.5
20090608,735
20090609,840
20090611,840
20090612,945
20090613,840
20090615,840
20090616,787.5
20090618,945
20090619,787.5
20090620,840
20090622,1128.75
20090623,1155
20090625,997.5
20090626,1050
20090627,1050
20090629,1155
20090630,1050
20090701,945
20090702,945
20090703,1050
20090704,1050
20090706,945
20090707,1050
20090709,945
20090710,840
20090711,945
20090713,997.5
20090714,735
20090715,840
20090716,787.5
20090717,735
20090718,735
20090721,1155
20090722,735
20090723,1207.5
20090724,840
20090725,787.5
20090727,787.5
20090728,840
20090729,787.5
20090730,840
20090731,892.5
20090801,997.5
20090803,1102.5
20090804,1155
20090805,1312.5
20090806,1312.5
20090807,1365
20090808,1365
20090810,1365
20090811,1365
20090812,1365
20090813,1470
20090817,1470
20090818,1365
20090819,1365
20090820,1207.5
20090821,1102.5
20090822,1102.5
20090824,1155
20090825,945
20090827,1260
20090828,1050
20090829,997.5
20090831,1102.5
20090901,1207.5
20090902,1207.5
20090903,1155
20090904,1207.5
20090905,1207.5
20090907,1155
20090908,1050
20090910,1102.5
20090911,945
20090912,997.5
20090914,945
20090915,997.5
20090916,997.5
20090917,892.5
20090918,1260
20090919,1102.5
20090921,787.5
20090924,1050
20090925,735
20090926,735
20090928,1207.5
20090929,1155
20090930,682.5
20091001,1102.5
20091002,682.5
20091003,577.5
20091005,1050
20091006,1050
20091008,577.5
20091009,577.5
20091010,630
20091013,1050
20091014,1050
20091015,840
20091016,577.5
20091017,525
20091019,525
20091020,472.5
20091021,735
20091022,630
20091023,525
20091024,630
20091026,525
20091027,630
20091029,630
20091030,630
20091031,735
20091102,682.5
20091104,682.5
20091105,735
20091106,787.5
20091107,787.5
20091109,577.5
20091110,525
20091112,787.5
20091113,787.5
20091114,630
20091116,630
20091117,682.5
20091118,708.75
20091119,525
20091120,577.5
20091121,892.5
20091124,420
20091125,446.25
20091126,525
20091127,577.5
20091128,525
20091130,472.5
20091201,472.5
20091202,525
20091203,472.5
20091204,577.5
20091205,525
20091207,472.5
20091208,577.5
20091210,472.5
20091211,420
20091212,420
20091214,525
20091215,472.5
20091216,420
20091217,420
20091218,420
20091219,420
20091221,525
20091222,472.5
20091224,525
20091225,630
20091226,735
20091227,787.5
20091228,840
20091229,945
20100105,1050
20100106,892.5
20100107,787.5
20100108,945
20100109,735
20100113,735
20100114,735
20100115,840
20100116,840
20100118,945
20100119,945
20100120,840
20100121,840
20100122,840
20100123,840
20100125,840
20100126,840
20100128,840
20100129,945
20100130,840
20100201,945
20100202,945
20100203,945
20100204,1050
20100205,1155
20100206,1050
20100208,945
20100209,1050
20100210,945
20100212,1050
20100213,1050
20100215,1155
20100216,1260
20100217,1155
20100218,1365
20100219,1155
20100222,1260
20100223,945
20100225,840
20100226,1260
20100227,1260
20100301,892.5
20100302,997.5
20100304,945
20100305,1260
20100306,1260
20100308,840
20100309,840
20100311,787.5
20100312,840
20100313,735
20100315,892.5
20100316,682.5
20100318,1050
20100319,892.5
20100320,1050
20100323,945
20100324,1050
20100325,1050
20100326,1050
20100327,997.5
20100329,1260
20100330,1260
20100331,997.5
20100401,1260
20100402,1155
20100403,1207.5
20100405,1207.5
20100406,1260
20100408,1260
20100409,1260
20100410,1260
20100412,1207.5
20100413,1365
20100415,1470
20100416,1365
20100417,1470
20100419,1575
20100420,1417.5
20100421,1365
20100422,1417.5
20100423,1181.25
20100424,1365
20100426,1155
20100427,1050
20100428,1260
20100430,1050
20100501,1260
20100504,1050
20100506,945
20100507,945
20100508,1102.5
20100510,945
20100511,945
20100513,997.5
20100514,945
20100515,997.5
20100517,945
20100518,840
20100519,840
20100520,945
20100521,840
20100522,945
20100524,840
20100525,945
20100527,840
20100528,840
20100529,840
20100531,840
20100601,1076.25
20100603,1050
20100604,945
20100605,1050
20100607,1102.5
20100608,1102.5
20100610,997.5
20100611,892.5
20100612,735
20100614,735
20100615,735
20100617,630
20100618,630
20100619,630
20100621,577.5
20100622,577.5
20100624,656.25
20100625,840
20100626,525
20100628,525
20100629,630
20100630,630
20100701,630
20100702,787.5
20100703,840
20100705,892.5
20100706,997.5
20100708,1102.5
20100709,1050
20100710,1050
20100712,997.5
20100713,1155
20100715,1207.5
20100716,997.5
20100717,1102.5
20100720,1050
20100721,892.5
20100722,945
20100723,840
20100724,840
20100726,892.5
20100727,840
20100729,997.5
20100730,892.5
20100731,892.5
20100802,945
20100803,840
20100804,945
20100805,840
20100806,945
20100807,787.5
20100809,945
20100810,892.5
20100811,892.5
20100812,892.5
20100813,945
20100814,1050
20100818,1260
20100819,1207.5
20100820,1155
20100821,1260
20100823,1260
20100824,1312.5
20100826,1207.5
20100827,945
20100828,1050
20100830,945
20100831,997.5
20100901,1050
20100902,997.5
20100903,945
20100904,997.5
20100906,1050
20100907,1102.5
20100909,1102.5
20100910,1207.5
20100911,1155
20100913,1207.5
20100914,1260
20100915,1312.5
20100916,1365
20100917,1312.5
20100918,1312.5
20100921,1102.5
20100922,1050
20100924,1050
20100925,1102.5
20100927,1155
20100928,1155
20100929,1207.5
20100930,1207.5
20101001,1260
20101002,1312.5
20101004,1365
20101005,1470
20101007,1470
20101008,1312.5
20101009,1102.5
20101012,1312.5
20101013,892.5
20101014,892.5
20101015,892.5
20101016,892.5
20101018,997.5
20101019,840
20101020,997.5
20101021,892.5
20101022,945
20101023,997.5
20101025,1050
20101026,1155
20101028,1102.5
20101029,1260
20101030,1207.5
20101101,1365
20101102,1470
20101104,1470
20101105,1470
20101106,1417.5
20101108,1365
20101109,1417.5
20101111,1312.5
20101112,1260
20101113,1260
20101115,1207.5
20101116,1207.5
20101117,1260
20101118,1312.5
20101119,1260
20101120,1207.5
20101122,840
20101124,945
20101125,1076.25
20101126,735
20101127,682.5
20101129,577.5
20101130,787.5
20101201,682.5
20101202,577.5
20101203,735
20101204,525
20101206,525
20101207,525
20101209,577.5
20101210,630
20101211,525
20101213,472.5
20101214,682.5
20101215,682.5
20101216,525
20101217,472.5
20101218,682.5
20101220,420
20101221,420
20101222,603.75
20101224,498.75
20101225,525
20101226,630
20101227,630
20101228,420
20101229,525
20110105,630
20110106,630
20110107,525
20110108,472.5
20110111,420
20110112,525
20110113,630
20110114,525
20110115,525
20110117,630
20110118,630
20110120,630
20110121,630
20110122,735
20110124,630
20110125,735
20110127,630
20110128,735
20110129,735
20110131,735
20110201,735
20110202,787.5
20110203,840
20110204,840
20110205,840
20110207,840
20110208,945
20110209,1050
20110210,1155
20110212,1365
20110214,1260
20110215,1155
20110216,1102.5
20110217,1050
20110218,892.5
20110219,840
20110221,840
20110222,735
20110224,735
20110225,735
20110226,840
20110228,840
20110301,787.5
20110303,840
20110304,892.5
20110305,892.5
20110307,892.5
20110308,892.5
20110310,892.5
20110311,840
20110312,840
20110314,840
20110315,892.5
20110317,945
20110318,892.5
20110319,945
20110322,997.5
20110323,892.5
20110324,787.5
20110325,787.5
20110326,735
20110328,735
20110329,787.5
20110330,630
20110331,630
20110401,735
20110402,735
20110404,840
20110405,840
20110406,840
20110407,840
20110408,840
20110409,840
20110411,945
20110412,945
20110414,945
20110415,840
20110416,840
20110418,735
20110419,735
20110420,735
20110421,735
20110422,735
20110423,735
20110425,735
20110426,630
20110427,630
20110428,630
20110430,630
20110502,525
20110505,525
20110506,630
20110507,525
20110509,525
20110510,525
20110512,630
20110513,630
20110514,630
20110516,630
20110517,525
20110518,525
20110519,630
20110520,630
20110521,630
20110523,735
20110524,735
20110526,735
20110527,840
20110528,945
20110530,1050
20110531,1155
20110602,1050
20110603,892.5
20110604,735
20110606,682.5
20110607,630
20110609,630
20110610,630
20110611,577.5
20110613,630
20110614,945
20110616,735
20110617,997.5
20110618,787.5
20110620,735
20110621,892.5
20110623,997.5
20110624,945
20110625,1155
20110627,1050
20110628,945
20110629,1155
20110630,840
20110701,840
20110702,840
20110704,945
20110705,945
20110707,1050
20110708,1102.5
20110709,1102.5
20110711,997.5
20110712,997.5
20110714,997.5
20110715,997.5
20110716,945
20110719,1050
20110720,945
20110721,1050
20110722,1102.5
20110723,1102.5
20110725,1050
20110726,1102.5
20110728,1050
20110729,997.5
20110730,892.5
20110801,840
20110802,787.5
20110803,787.5
20110804,840
20110805,840
20110806,1076.25
20110808,735
20110809,735
20110810,735
20110811,682.5
20110812,682.5
20110813,735
20110818,892.5
20110819,735
20110820,787.5
20110822,735
20110823,735
20110825,787.5
20110826,787.5
20110827,840
20110829,997.5
20110830,840
20110831,892.5
20110901,892.5
20110902,997.5
20110903,997.5
20110905,997.5
20110906,997.5
20110907,997.5
20110908,1102.5
20110909,1102.5
20110910,1155
20110912,1155
20110913,1260
20110915,1260
20110916,1312.5
20110917,1312.5
20110920,1260
20110921,1312.5
20110922,1365
20110924,1365
20110926,1417.5
20110927,1365
20110929,1575
20110930,1575
20111001,1680
20111003,1837.5
20111004,1785
20111005,1837.5
20111006,1785
20111007,1680
20111008,1522.5
20111011,1785
20111012,1207.5
20111013,997.5
20111014,892.5
20111015,892.5
20111017,787.5
20111018,840
20111019,945
20111020,840
20111021,840
20111022,840
20111024,892.5
20111025,840
20111027,945
20111028,945
20111029,997.5
20111031,997.5
20111101,682.5
20111102,682.5
20111104,735
20111105,735
20111107,840
20111108,840
20111110,735
20111111,735
20111112,630
20111114,735
20111115,630
20111116,945
20111117,840
20111118,735
20111119,945
20111121,630
20111122,630
20111124,945
20111125,472.5
20111126,630
20111128,682.5
20111129,525
20111130,420
20111201,525
20111202,945
20111203,945
20111205,787.5
20111206,630
20111207,525
20111208,525
20111209,630
20111210,708.75
20111212,525
20111213,525
20111215,630
20111216,945
20111217,525
20111219,525
20111220,630
20111221,525
20111222,945
20111224,577.5
20111225,630
20111226,945
20111227,735
20111228,945
20111229,735
20120105,840
20120106,945
20120107,945
20120110,945
20120111,945
20120112,892.5
20120113,945
20120114,945
20120116,840
20120117,945
20120119,840
20120120,1050
20120121,840
20120123,945
20120124,1155
20120126,1050
20120127,1050
20120128,1050
20120130,1050
20120131,1050
20120201,1050
20120202,1050
20120203,1050
20120204,1155
20120206,1365
20120207,1155
20120208,1260
20120209,1365
20120210,1365
20120213,1365
20120214,1365
20120215,1312.5
20120216,1155
20120217,1365
20120218,1365
20120220,1260
20120221,1365
20120223,1260
20120224,1365
20120225,1365
20120227,1470
20120228,1575
20120229,1365
20120301,1522.5
20120302,1680
20120303,1627.5
20120305,1627.5
20120306,1470
20120308,1522.5
20120309,1365
20120310,1417.5
20120312,1470
20120313,1417.5
20120315,1365
20120316,1417.5
20120317,1522.5
20120319,1785
20120321,1890
20120322,1785
20120323,1942.5
20120324,1890
20120326,1995
20120327,1785
20120328,1417.5
20120329,1365
20120330,1522.5
20120331,1365
20120402,1680
20120403,1837.5
20120404,2257.5
20120405,2205
20120406,2730
20120407,2677.5
20120409,2625
20120410,2572.5
20120412,2047.5
20120413,1995
20120414,2100
20120416,1680
20120417,1365
20120418,1260
20120419,1155
20120420,945
20120421,945
20120423,892.5
20120424,945
20120426,945
20120427,945
20120428,945
20120501,840
20120502,892.5
20120503,840
20120507,735
20120508,840
20120510,840
20120511,945
20120512,1050
20120514,1417.5
20120515,1260
20120516,1312.5
20120517,1365
20120518,1470
20120519,1470
20120521,1312.5
20120522,1260
20120524,1312.5
20120525,1050
20120526,840
20120528,630
20120529,761.25
20120530,656.25
20120531,630
20120601,630
20120602,630
20120604,735
20120605,997.5
20120607,840
20120608,997.5
20120609,997.5
20120611,840
20120612,630
20120614,577.5
20120615,577.5
20120616,577.5
20120618,630
20120619,787.5
20120621,997.5
20120622,945
20120623,945
20120625,840
20120626,1050
20120628,1155
20120629,735
20120702,1102.5
20120703,892.5
20120704,892.5
20120705,787.5
20120706,866.25
20120707,787.5
20120709,997.5
20120710,997.5
20120712,997.5
20120713,787.5
20120714,682.5
20120717,840
20120718,682.5
20120719,735
20120720,735
20120721,787.5
20120723,840
20120724,735
20120726,735
20120727,787.5
20120728,840
20120730,971.25
20120731,735
20120801,1102.5
20120802,945
20120803,735
20120804,840
20120806,630
20120807,630
20120808,682.5
20120809,682.5
20120810,945
20120811,735
20120813,735
20120817,892.5
20120818,787.5
20120820,1076.25
20120821,1023.75
20120823,840
20120824,840
20120825,840
20120827,866.25
20120828,840
20120829,918.75
20120830,945
20120831,787.5
20120901,735
20120903,892.5
20120904,840
20120905,840
20120906,1050
20120907,892.5
20120908,892.5
20120910,892.5
20120911,945
20120913,1102.5
20120914,1050
20120915,997.5
20120918,1312.5
20120919,971.25
20120920,1050
20120921,1050
20120924,1076.25
20120925,892.5
20120927,1102.5
20120928,1102.5
20120929,1260
20121001,1312.5
20121002,1312.5
20121003,1155
20121004,945
20121005,945
20121006,892.5
20121009,630
20121010,630
20121011,630
20121012,761.25
20121013,682.5
20121015,735
20121016,787.5
20121017,735
20121018,735
20121019,840
20121020,840
20121022,840
20121023,735
20121025,735
20121026,735
20121027,735
20121029,735
20121030,682.5
20121031,682.5
20121101,630
20121102,682.5
20121105,630
20121106,630
20121107,735
20121108,735
20121109,735
20121110,735
20121112,682.5
20121113,630
20121115,577.5
20121116,525
20121117,525
20121119,630
20121120,630
20121121,630
20121122,577.5
20121124,630
20121126,630
20121127,630
20121129,630
20121130,630
20121201,630
20121203,630
20121204,735
20121205,735
20121206,840
20121207,735
20121208,735
20121210,630
20121211,735
20121213,682.5
20121214,735
20121215,735
20121217,840
20121218,840
20121219,945
20121220,840
20121221,840
20121222,840
20121224,1050
20121225,997.5
20121226,1050
20121227,1050
20121228,1155
20121229,1023.75
20130105,1470
20130107,997.5
20130108,1155
20130110,1155
20130111,1050
20130112,1050
20130115,1155
20130116,1050
20130117,1050
20130118,1050
20130119,1050
20130121,997.5
20130122,1050
20130124,1050
20130125,945
20130126,1102.5
20130128,997.5
20130129,1050
20130131,945
20130201,997.5
20130202,997.5
20130204,1050
20130205,1102.5
20130207,1260
20130208,1155
20130209,1207.5
20130212,1365
20130213,997.5
20130214,1050
20130215,945
20130216,840
20130218,787.5
20130219,840
20130221,840
20130222,945
20130223,945
20130225,945
20130226,997.5
20130228,1050
20130301,1155
20130302,1050
20130304,1050
20130305,997.5
20130307,892.5
20130308,840
20130309,840
20130311,840
20130312,840
20130314,840
20130315,735
20130316,840
20130318,787.5
20130319,787.5
20130321,735
20130322,1050
20130323,630
20130325,630
20130326,630
20130328,735
20130329,630
20130330,735
20130401,840
20130402,840
20130403,840
20130404,735
20130405,840
20130406,735
20130408,840
20130409,840
20130411,892.5
20130412,682.5
20130413,735
20130415,630
20130416,682.5
20130417,682.5
20130418,630
20130419,630
20130420,787.5
20130422,787.5
20130423,840
20130425,1102.5
20130426,945
20130427,1102.5
20130430,1102.5
20130501,840
20130502,945
20130503,997.5
20130507,1050
20130508,997.5
20130509,735
20130510,892.5
20130511,945
20130513,945
20130514,787.5
20130515,787.5
20130516,735
20130517,682.5
20130518,630
20130520,630
20130521,630
20130523,735
20130524,525
20130525,525
20130527,630
20130528,630
20130529,735
20130530,735
20130531,630
20130601,735
20130603,840
20130604,787.5
20130606,840
20130607,787.5
20130608,735
20130610,735
20130611,735
20130613,735
20130614,735
20130615,840
20130617,840
20130618,945
20130620,945
20130621,997.5
20130622,945
20130624,892.5
20130625,1050
20130627,1050
20130628,1155
20130629,945
20130701,1365
20130702,1470
20130703,945
20130704,1260
20130705,1260
20130706,1102.5
20130708,1207.5
20130709,1102.5
20130711,1365
20130712,1050
20130713,1365
20130716,1155
20130717,1417.5
20130718,840
20130719,840
20130720,1050
20130722,787.5
20130723,840
20130725,945
20130726,840
20130727,1155
20130729,1050
20130730,1050
20130731,630
20130801,735
20130802,735
20130803,892.5
20130805,735
20130806,735
20130807,787.5
20130808,735
20130809,840
20130810,892.5
20130812,945
20130813,1050
20130817,1102.5
20130819,1102.5
20130820,1155
20130821,1102.5
20130822,1155
20130823,1155
20130824,1050
20130826,1102.5
20130827,1050
20130829,1050
20130830,1102.5
20130831,1155
20130902,1207.5
20130903,1260
20130904,1260
20130905,1260
20130906,1260
20130907,1260
20130909,1260
20130910,1312.5
20130912,1627.5
20130913,1417.5
20130914,1417.5
20130917,1470
20130918,1575
20130919,1575
20130920,1575
20130921,1522.5
20130924,1522.5
20130925,1417.5
20130926,1365
20130927,1470
20130928,1470
20130930,1575
20131001,1260
20131002,1365
20131003,1312.5
20131004,1417.5
20131005,1260
20131007,1050
20131008,1102.5
20131010,1050
20131011,945
20131012,997.5
20131015,840
20131016,1050
20131017,840
20131018,945
20131019,945
20131021,1155
20131022,1155
20131024,1470
20131025,1470
20131026,1680
20131028,1470
20131029,1050
20131030,1207.5
20131031,787.5
20131101,840
20131102,997.5
20131105,1050
20131106,1050
20131107,1050
20131108,945
20131109,945
20131111,1050
20131112,1050
20131114,997.5
20131115,945
20131116,945
20131118,840
20131119,945
20131120,945
20131121,945
20131122,945
20131125,945
20131126,945
20131128,945
20131129,945
20131130,945
20131202,945
20131203,840
20131204,840
20131205,840
20131206,840
20131207,840
20131209,787.5
20131210,840
20131212,840
20131213,840
20131214,840
20131216,840
20131217,840
20131218,997.5
20131219,840
20131220,840
20131221,840
20131223,840
20131224,892.5
20131225,945
20131226,945
20131227,1050
20131228,1050
20131229,1286.25
20140105,945
20140106,892.5
20140107,787.5
20140109,735
20140110,735
20140111,787.5
20140114,735
20140115,735
20140116,735
20140117,735
20140118,735
20140120,735
20140121,735
20140123,735
20140124,735
20140125,735
20140127,735
20140128,787.5
20140130,787.5
20140131,735
20140201,787.5
20140203,735
20140204,787.5
20140206,840
20140207,787.5
20140208,892.5
20140210,945
20140212,945
20140213,1102.5
20140214,1207.5
20140215,1155
20140217,1260
20140218,1312.5
20140220,1102.5
20140221,892.5
20140222,1207.5
20140224,682.5
20140225,735
20140227,787.5
20140228,787.5
20140301,840
20140303,840
20140304,840
20140306,840
20140307,840
20140308,840
20140310,735
20140311,735
20140313,735
20140314,735
20140315,840
20140317,735
20140318,735
20140319,682.5
20140320,735
20140322,735
20140324,630
20140325,682.5
20140327,840
20140328,630
20140329,682.5
20140331,630
20140401,810
20140402,756
20140403,864
20140404,756
20140405,756
20140407,756
20140408,648
20140410,756
20140411,756
20140412,756
20140414,756
20140415,756
20140417,864
20140418,864
20140419,918
20140421,972
20140422,1080
20140424,972
20140425,972
20140426,864
20140428,972
20140430,864
20140501,972
20140502,864
20140507,702
20140508,756
20140509,756
20140510,756
20140512,756
20140513,756
20140515,864
20140516,918
20140517,864
20140519,864
20140520,756
20140521,918
20140522,864
20140523,810
20140524,864
20140526,864
20140527,1080
20140529,1080
20140530,810
20140531,648
20140602,864
20140603,756
20140605,756
20140606,756
20140607,648
20140609,648
20140610,648
20140612,1188
20140613,756
20140614,648
20140616,810
20140617,756
20140619,864
20140620,864
20140621,756
20140623,972
20140624,864
20140626,864
20140627,918
20140628,756
20140630,1255.5
20140701,864
20140702,756
20140703,864
20140704,1134
20140705,918
20140707,972
20140708,810
20140710,810
20140711,810
20140712,810
20140714,1080
20140715,1080
20140716,1350
20140717,837
20140718,1026
20140719,810
20140722,999
20140723,1026
20140724,1242
20140725,702
20140726,756
20140728,1080
20140729,972
20140731,1134
20140801,864
20140802,1080
20140804,864
20140805,918
20140806,972
20140807,1080
20140808,1026
20140809,1080
20140811,1026
20140812,1080
20140813,1188
20140814,1404
20140819,1458
20140820,1512
20140821,1404
20140822,1242
20140823,1242
20140825,1242
20140826,1188
20140828,1458
20140829,1134
20140830,1296
20140901,1350
20140902,1404
20140903,1458
20140904,1512
20140905,1566
20140906,1620
20140908,1512
20140909,1512
20140911,1728
20140912,1566
20140913,1404
20140916,1404
20140917,1350
20140918,1134
20140919,1134
20140920,1134
20140922,1188
20140924,1242
20140925,1188
20140926,1188
20140927,1296
20140929,1188
20140930,1188
20141001,1242
20141002,1350
20141003,1026
20141004,972
20141006,864
20141007,756
20141009,756
20141010,756
20141011,756
20141014,864
20141015,756
20141016,756
20141017,864
20141018,756
20141020,864
20141021,756
20141023,864
20141024,648
20141025,864
20141027,702
20141028,1080
20141029,972
20141030,648
20141031,540
20141101,648
20141104,648
20141105,864
20141106,864
20141107,648
20141108,648
20141110,648
20141111,648
20141113,648
20141114,540
20141115,648
20141117,540
20141118,864
20141120,540
20141121,648
20141122,540
20141125,540
20141126,540
20141127,594
20141128,540
20141129,594
20141201,540
20141202,594
20141203,540
20141204,540
20141205,594
20141206,432
20141208,648
20141209,648
20141211,972
20141212,540
20141213,486
20141215,432
20141216,540
20141217,540
20141218,540
20141219,540
20141220,594
20141222,648
20141224,648
20141225,756
20141226,810
20141227,756
20141228,864
20141229,1080
20150105,1404
20150106,972
20150108,864
20150109,702
20150110,810
20150113,702
20150114,702
20150115,756
20150116,756
20150117,756
20150119,756
20150120,810
20150122,810
20150123,864
20150124,972
20150126,864
20150127,972
20150129,972
20150130,918
20150131,972
20150202,972
20150203,918
20150205,972
20150206,1026
20150207,972
20150209,918
20150210,918
20150212,864
20150213,864
20150214,918
20150216,810
20150217,918
20150219,918
20150220,918
20150221,972
20150223,918
20150224,1026
20150226,1188
20150227,1296
20150228,1296
20150302,1026
20150303,1026
20150305,972
20150306,1026
20150307,918
20150309,810
20150310,864
20150312,810
20150313,864
20150314,864
20150316,756
20150317,810
20150318,756
20150319,864
20150320,864
20150323,756
20150324,810
20150326,810
20150327,972
20150328,810
20150330,810
20150331,810
20150401,972
20150402,1080
20150403,1080
20150404,1026
20150406,1188
20150407,1134
20150409,1404
20150410,1404
20150411,1404
20150413,1404
20150414,1404
20150416,1296
20150417,1188
20150418,1296
20150420,1296
20150421,1188
20150423,1296
20150424,1188
20150425,1296
20150427,1350
20150428,1404
20150430,1404
20150501,1512
20150502,1512
20150506,1242
20150507,1296
20150508,1188
20150509,1188
20150511,1080
20150512,1188
20150514,1188
20150515,1080
20150516,1242
20150518,1080
20150519,1080
20150520,1080
20150521,1080
20150522,972
20150523,972
20150525,1404
20150526,972
20150528,972
20150529,1080
20150530,1080
20150601,864
20150602,756
20150604,891
20150605,648
20150606,810
20150608,1080
20150609,864
20150611,1242
20150612,1080
20150613,1188
20150615,1188
20150616,1080
20150618,1188
20150619,1134
20150620,1080
20150622,1080
20150623,1134
20150625,1134
20150626,864
20150627,864
20150629,1404
20150630,1134
20150701,1242
20150702,1404
20150703,1458
20150704,1296
20150706,1458
20150707,1242
20150709,1188
20150710,1188
20150711,1080
20150713,1242
20150714,1242
20150715,1296
20150716,1296
20150717,1350
20150718,1350
20150721,1242
20150722,1512
20150723,1404
20150724,1350
20150725,864
20150727,1080
20150728,1296
20150730,864
20150731,1242
20150801,864
20150803,1296
20150804,972
20150805,1080
20150806,1134
20150807,1242
20150808,1242
20150810,1296
20150811,1404
20150812,1566
20150813,1782
20150817,1728
20150818,1512
20150819,1566
20150820,1674
20150821,1620
20150822,1512
20150824,1782
20150825,1458
20150827,1620
20150828,1404
20150829,1296
20150831,1296
20150901,1296
20150902,1296
20150903,1242
20150904,1242
20150905,1026
20150907,972
20150908,1026
20150910,1836
20150911,1080
20150912,1188
20150914,1188
20150915,1080
20150916,1188
20150917,1188
20150918,1296
20150919,1350
20150923,1431
20150924,1242
20150925,1080
20150926,1188
20150928,1188
20150929,1134
20150930,1080
20151001,1134
20151002,1080
20151003,1080
20151005,1458
20151006,1134
20151008,1188
20151009,1188
20151010,1188
20151013,1080
20151014,1134
20151015,1080
20151016,972
20151017,972
20151019,864
20151020,810
20151022,1242
20151023,864
20151024,756
20151026,1188
20151027,1242
20151029,1134
20151030,1188
20151031,648
20151102,864
20151104,810
20151105,810
20151106,810
20151107,864
20151109,756
20151110,756
20151112,756
20151113,648
20151114,756
20151116,756
20151117,540
20151119,756
20151120,432
20151121,756
20151124,702
20151125,540
20151126,648
20151127,540
20151128,540
20151130,432
20151201,486
20151202,702
20151203,810
20151204,540
20151205,540
20151207,486
20151208,540
20151210,540
20151211,540
20151212,486
20151214,594
20151215,540
20151216,540
20151217,540
20151218,540
20151219,540
20151221,648
20151222,810
20151224,702
20151225,486
20151226,540
20151227,594
20151228,810
20151229,648
20160105,648
20160106,594
20160107,648
20160108,486
20160109,432
20160112,432
20160113,486
20160114,540
20160115,486
20160116,486
20160118,540
20160119,540
20160121,594
20160122,594
20160123,648
20160125,702
20160126,756
20160128,810
20160129,810
20160130,864
20160201,972
20160202,1026
20160204,1026
20160205,1026
20160206,972
20160208,918
20160209,810
20160210,864
20160212,1188
20160213,810
20160215,756
20160216,810
20160218,864
20160219,756
20160220,864
20160222,864
20160223,864
20160225,918
20160226,864
20160227,864
20160229,864
20160301,864
20160303,918
20160304,864
20160305,864
20160307,864
20160308,972
20160310,972
20160311,864
20160312,972
20160314,864
20160315,864
20160317,972
20160318,972
20160319,1080
20160322,1188
20160323,1296
20160324,1134
20160325,1296
20160326,1296
20160328,1296
20160329,1296
20160330,1296
20160331,1026
20160401,1188
20160402,1188
20160404,1188
20160405,1188
20160407,1188
20160408,1188
20160409,1188
20160411,1188
20160412,1080
20160414,1188
20160415,1080
20160416,1134
20160418,1026
20160419,1026
20160421,1026
20160422,972
20160423,972
20160425,918
20160426,918
20160427,918
20160428,918
20160430,918
20160502,972
20160506,1080
20160507,972
20160509,1080
20160510,1080
20160512,1026
20160513,1080
20160514,1080
20160516,918
20160517,1080
20160518,1080
20160519,972
20160520,1080
20160521,1080
20160523,972
20160524,864
20160526,648
20160527,918
20160528,756
20160530,918
20160531,756
20160602,864
20160603,864
20160604,756
20160606,1134
20160607,756
20160609,972
20160610,972
20160611,1080
20160613,1080
20160614,1134
20160616,1188
20160617,1188
20160618,1134
20160620,972
20160621,972
20160623,972
20160624,918
20160625,1026
20160627,1134
20160628,1134
20160629,1242
20160630,1296
20160701,1350
20160702,1512
20160704,1566
20160705,1674
20160706,1890
20160707,1782
20160708,1512
20160709,1782
20160711,1512
20160712,1566
20160714,1512
20160715,1404
20160716,1296
20160719,1350
20160720,972
20160721,1026
20160722,1296
20160723,918
20160725,1620
20160726,918
20160728,1188
20160729,918
20160730,1026
20160801,972
20160802,918
20160803,864
20160804,918
20160805,918
20160806,864
20160808,864
20160809,972
20160810,1134
20160812,1728
20160813,1404
20160817,1998
20160818,1620
20160819,1728
20160820,1728
20160822,1620
20160823,1620
20160825,1404
20160826,1296
20160827,1296
20160829,1296
20160830,1404
20160831,1458
20160901,1404
20160902,1404
20160903,1512
20160905,1512
20160906,1512
20160907,1404
20160908,1404
20160909,1404
20160910,1296
20160912,1296
20160913,1296
20160915,1404
20160916,1512
20160917,1404
20160920,1296
20160921,1404
20160923,1512
20160924,1404
20160926,1512
20160927,1620
20160929,1620
20160930,1512
20161001,1404
20161003,1512
20161004,1404
20161006,1620
20161007,1620
20161008,1512
20161011,1512
20161012,1620
20161013,1512
20161014,1620
20161015,1620
20161017,1620
20161018,1836
20161020,2052
20161021,2160
20161022,1944
20161024,1728
20161025,1728
20161027,1836
20161028,1620
20161029,1512
20161031,1404
20161101,1404
20161102,1512
20161104,1512
20161105,1458
20161107,1512
20161108,1512
20161110,1620
20161111,1566
20161112,1512
20161114,1512
20161115,1512
20161117,1674
20161118,1242
20161119,1134
20161121,1026
20161122,918
20161124,972
20161125,1080
20161126,1080
20161128,1296
20161129,972
20161130,972
20161201,864
20161202,972
20161203,918
20161205,864
20161206,864
20161208,918
20161209,918
20161210,918
20161212,864
20161213,864
20161214,1296
20161215,864
20161216,972
20161217,918
20161219,972
20161220,972
20161221,918
20161222,972
20161224,972
20161225,1026
20161226,1080
20161227,1080
20161228,1026
20161229,918
20170105,972
20170106,972
20170107,864
20170110,756
20170111,918
20170112,756
20170113,756
20170114,756
20170116,756
20170117,756
20170119,756
20170120,756
20170121,756
20170123,756
20170124,810
20170126,810
20170127,864
20170128,864
20170130,864
20170131,918
20170202,864
20170203,864
20170204,864
20170206,864
20170207,864
20170208,864
20170209,864
20170210,864
20170213,918
20170214,918
20170216,918
20170217,918
20170218,918
20170220,918
20170221,918
20170223,918
20170224,972
20170225,918
20170227,918
20170228,918
20170301,972
20170302,1026
20170303,1026
20170304,1026
20170306,972
20170307,972
20170309,972
20170310,972
20170311,918
20170313,918
20170314,918
20170316,972
20170317,918
20170318,918
20170321,918
20170322,918
20170323,1026
20170324,918
20170325,972
20170327,1080
20170328,1080
20170330,1080
20170331,1296
20170401,1188
20170403,1296
20170404,1188
20170406,1188
20170407,1080
20170408,1080
20170410,1188
20170411,1080
20170413,1080
20170414,972
20170415,864
20170417,864
20170418,864
20170420,864
20170421,864
20170422,864
20170424,864
20170425,864
20170426,864
20170427,972
20170428,972
20170501,1080
20170502,1134
20170506,1188
20170508,1080
20170509,1080
20170511,1026
20170512,972
20170513,1080
20170515,864
20170516,918
20170517,864
20170518,864
20170519,810
20170520,810
20170522,864
20170523,864
20170525,756
20170526,756
20170527,756
20170529,756
20170530,918
20170531,756
20170601,1080
20170602,864
20170603,864
20170605,864
20170606,810
20170608,864
20170609,972
20170610,1188
20170612,1296
20170613,1296
20170615,1404
20170616,1296
20170617,1404
20170619,1404
20170620,1620
20170622,1512
20170623,2160
20170624,1836
20170626,1080
20170627,972
20170629,1809
20170630,1458
20170701,864
20170703,756
20170704,1188
20170706,972
20170707,972
20170708,702
20170710,1620
20170711,864
20170712,864
20170713,1080
20170714,756
20170715,756
20170718,1134
20170719,756
20170720,864
20170721,756
20170722,864
20170724,1404
20170725,648
20170727,756
20170728,864
20170729,864
20170731,756
20170801,918
20170802,918
20170803,864
20170804,918
20170805,864
20170807,1026
20170808,864
20170809,972
20170810,864
20170812,864
20170816,918
20170817,972
20170818,918
20170819,756
20170821,864
20170822,972
20170824,756
20170825,972
20170826,864
20170828,918
20170829,1026
20170831,1080
20170901,810
20170902,810
20170904,864
20170905,972
20170906,1080
20170907,1080
20170908,1080
20170909,1188
20170911,1188
20170912,1188
20170914,972
20170915,1080
20170916,1134
20170919,1080
20170920,864
20170921,864
20170922,864
20170925,864
20170926,648
20170928,756
20170929,648
20170930,864
20171002,756
20171003,648
20171005,648
20171006,648
20171007,756
20171010,648
20171011,648
20171012,648
20171013,756
20171014,756
20171016,864
20171017,918
20171019,648
20171020,918
20171021,756
20171023,864
20171024,1080
20171026,1080
20171027,1080
20171028,1188
20171030,1134
20171031,1080
20171101,1026
20171102,972
20171104,864
20171106,864
20171107,864
20171109,972
20171110,972
20171111,1080
20171113,1080
20171114,1080
20171116,1080
20171117,1080
20171118,1080
20171120,1188
20171121,1188
20171122,1296
20171124,1242
20171125,1296
20171127,1296
20171128,1404
20171129,1404
20171130,1296
20171201,1404
20171202,1350
20171204,1350
20171205,1350
20171207,1404
20171208,1350
20171209,1350
20171211,1350
20171212,1404
20171213,1674
20171214,1404
20171215,1458
20171216,1458
20171218,1512
20171219,1620
20171220,1620
20171221,1674
20171222,1728
20171223,1728
20171225,1782
20171226,1998
20171227,1998
20171228,1998
20171229,2052
20180105,2160
20180106,2268
20180109,2268
20180110,2214
20180111,2322
20180112,2322
20180113,2214
20180115,2214
20180116,2160
20180118,1944
20180119,1782
20180120,1782
20180122,1728
20180123,1728
20180125,1620
20180126,1620
20180127,1620
20180129,1620
20180130,1620
20180201,1512
20180202,1620
20180203,1620
20180205,1728
20180206,1728
20180208,1836
20180209,1836
20180210,1836
20180213,1890
20180214,1890
20180215,1890
20180216,1674
20180217,1728
20180219,1728
20180220,1836
20180222,1728
20180223,1728
20180224,1836
20180226,1836
20180227,1836
20180301,1944
20180302,1836
20180303,1836
20180305,1836
20180306,1836
20180308,1944
20180309,1728
20180310,1620
20180312,1458
20180313,1350
20180315,1188
20180316,1080
20180317,1026
20180319,1080
20180320,972
20180322,972
20180323,972
20180324,918
20180326,864
20180327,864
20180329,810
20180330,864
20180331,864
20180402,972
20180403,972
20180405,864
20180406,864
20180407,972
20180409,1080
20180410,864
20180412,864
20180413,864
20180414,810
20180416,918
20180417,918
20180419,1539
20180420,1026
20180421,972
20180423,972
20180424,918
20180426,918
20180427,864
20180428,918
20180501,1080
20180502,756
20180503,648
20180507,756
20180508,702
20180510,864
20180511,1080
20180512,810
20180514,864
20180515,810
20180517,972
20180518,972
20180519,972
20180521,918
20180522,972
20180524,1080
20180525,1080
20180526,918
20180528,1134
20180529,1242
20180531,972
20180601,864
20180602,972
20180604,972
20180605,1188
20180607,1188
20180608,1188
20180609,864
20180611,972
20180612,1080
20180614,1080
20180615,1188
20180616,1188
20180618,1188
20180619,1188
20180621,1188
20180622,1188
20180623,1080
20180625,864
20180626,810
20180628,1296
20180629,810
20180630,864
20180702,864
20180703,810
20180705,918
20180706,1026
20180707,972
20180709,1080
20180710,1080
20180711,1080
20180712,1188
20180713,1188
20180714,1296
20180717,1620
20180718,1566
20180719,1512
20180720,1512
20180721,1620
20180723,1566
20180724,1512
20180726,1566
20180727,1512
20180728,1512
20180730,1512
20180731,1458
20180801,1404
20180802,1296
20180803,1458
20180804,1404
20180806,1242
20180807,1350
20180808,1296
20180809,1404
20180810,1458
20180811,1350
20180813,1350
20180817,1404
20180818,1350
20180820,1242
20180821,1188
20180823,1242
20180824,1188
20180825,1134
20180827,1134
20180828,1134
20180830,1080
20180831,1080
20180901,1026
20180903,1188
20180904,1188
20180906,1512
20180907,1296
20180908,1620
20180910,1458
20180911,1404
20180913,1566
20180914,1566
20180915,1188
20180918,1242
20180919,1188
20180920,1242
20180921,1188
20180922,1188
20180925,1188
20180926,1188
20180927,1134
20180928,1080
20180929,1026
20181001,1512
20181002,1134
20181004,1188
20181005,1080
20181006,1080
20181009,972
20181010,1026
20181011,864
20181012,1296
20181013,918
20181015,810
20181016,810
20181018,918
20181019,972
20181020,972
20181022,1080
20181023,1080
20181025,1080
20181026,1188
20181027,1188
20181029,1080
20181030,1026
20181031,1512
20181101,972
20181102,1080
20181105,972
20181106,972
20181108,864
20181109,702
20181110,864
20181112,756
20181113,1620
20181115,1404
20181116,648
20181117,540
20181119,540
20181120,540
20181121,648
20181122,648
20181124,702
20181126,648
20181127,648
20181128,702
20181129,648
20181130,648
20181201,810
20181203,540
20181204,675
20181206,675
20181207,918
20181208,486
20181210,810
20181211,1296
20181213,918
20181214,594
20181215,675
20181217,918
20181218,918
20181219,810
20181220,675
20181221,918
20181222,540
20181224,540
20181225,540
20181226,648
20181227,648
20181228,648
20181229,783
20190105,810
20190107,756
20190108,702
20190110,648
20190111,648
20190112,648
20190115,702
20190116,702
20190117,702
20190118,702
20190119,756
20190121,648
20190122,756
20190124,756
20190125,702
20190126,702
20190128,648
20190129,702
20190131,756
20190201,864
20190202,864
20190204,972
20190205,1080
20190207,1080
20190208,1080
20190209,1026
20190212,1026
20190213,1080
20190214,864
20190215,972
20190216,864
20190218,756
20190219,810
20190221,810
20190222,756
20190223,810
20190225,810
20190226,756
20190228,756
20190301,648
20190302,648
20190304,756
20190305,756
20190307,864
20190308,918
20190309,918
20190311,756
20190312,810
20190314,810
20190315,810
20190316,702
20190318,756
20190319,810
20190320,810
20190322,810
20190323,864
20190325,864
20190326,918
20190328,918
20190329,918
20190330,918
20190401,1080
20190402,1080
20190404,972
20190405,864
20190406,864
20190408,864
20190409,972
20190411,972
20190412,1080
20190413,1080
20190415,972
20190416,1188
20190418,1134
20190419,1188
20190420,1026
20190422,864
20190423,864
20190425,864
20190426,864
20190427,864
20190429,756
20190502,918
20190503,756
20190506,702
20190507,648
20190509,648
20190510,756
20190511,702
20190513,918
20190514,972
20190516,1026
20190517,1080
20190518,1188
20190520,1134
20190521,1080
20190523,1080
20190524,972
20190525,756
20190527,918
20190528,1026
20190530,1026
20190531,648
20190601,864
20190603,540
20190604,864
20190606,648
20190607,756
20190608,864
20190610,756
20190611,972
20190613,1080
20190614,1080
20190615,1080
20190617,1080
20190618,1188
20190620,1080
20190621,972
20190622,756
20190624,648
20190625,756
20190627,756
20190628,756
20190629,864
20190701,756
20190702,918
20190704,810
20190705,756
20190706,702
20190708,756
20190709,810
20190711,1134
20190712,864
20190713,864
20190716,756
20190717,972
20190718,810
20190719,756
20190720,972
20190722,1080
20190723,756
20190725,756
20190726,864
20190727,540
20190729,648
20190730,864
20190801,864
20190802,1188
20190803,702
20190805,1188
20190806,864
20190808,918
20190809,864
20190810,1026
20190812,1026
20190813,1080
20190817,1134
20190819,1134
20190820,1296
20190822,1188
20190823,972
20190824,972
20190826,1242
20190827,1296
20190829,972
20190830,918
20190831,918
20190902,972
20190903,972
20190905,918
20190906,864
20190907,972
20190909,972
20190910,972
20190912,918
20190913,1350
20190914,756
20190917,864
20190918,594
20190919,756
20190920,1404
20190921,810
20190924,864
20190925,918
20190926,972
20190927,1026
20190928,972
20190930,918
20191001,1080
20191003,1080
20191004,972
20191005,972
20191007,918
20191008,864
20191010,1620
20191011,1620
20191012,756
20191015,756
20191016,648
20191017,648
20191018,648
20191019,756
20191021,648
20191023,972
20191024,972
20191025,864
20191026,1296
20191028,864
20191029,1296
20191031,1026
20191101,972
20191102,972
20191105,864
20191106,1080
20191107,972
20191108,972
20191109,1026
20191111,972
20191112,972
20191114,1080
20191115,1080
20191116,1026
20191118,1026
20191119,1026
20191121,1026
20191122,1080
20191125,972
20191126,972
20191128,864
20191129,864
20191130,864
20191202,756
20191203,756
20191205,756
20191206,756
20191207,1080
20191209,702
20191210,648
20191212,702
20191213,702
20191214,648
20191216,540
20191217,648
20191219,648
20191220,648
20191221,648
20191223,648
20191224,594
20191225,810
20191226,594
20191227,864
20191228,864
20191229,702
20200105,864
20200106,918
20200109,918
20200110,1188
20200111,918
20200114,702
20200115,756
20200116,810
20200117,756
20200118,756
20200120,648
20200121,648
20200123,594
20200124,702
20200125,702
20200127,648
20200128,756
20200130,702
20200131,756
20200201,756
20200203,594
20200204,648
20200206,648
20200207,702
20200208,702
20200210,648
20200212,756
20200213,810
20200214,702
20200215,756
20200217,756
20200218,810
20200220,756
20200221,810
20200222,810
20200225,810
20200226,756
20200227,810
20200228,810
20200229,702
20200302,702
20200303,810
20200305,702
20200306,756
20200307,756
20200309,702
20200310,702
20200312,702
20200313,648
20200314,648
20200316,648
20200317,810
20200318,702
20200319,648
20200321,702
20200323,756
20200324,810
20200326,864
20200327,972
20200328,1080
20200330,1188
20200331,1134
20200402,1188
20200403,1296
20200404,1188
20200406,918
20200407,972
20200409,1080
20200410,1080
20200411,972
20200413,1026
20200414,972
20200416,1026
20200417,1026
20200418,1188
20200420,1134
20200421,1242
20200423,1242
20200424,1296
20200425,1134
20200427,1134
20200428,1188
20200430,1242
20200501,1188
20200502,1188
20200504,1242
20200507,1134
20200508,972
20200509,864
20200511,864
20200512,864
20200514,756
20200515,864
20200516,1080
20200518,972
20200519,1026
20200521,1188
20200522,1296
20200523,1296
20200525,1296
20200526,1296
20200528,1296
20200529,1296
20200530,1134
20200601,1404
20200602,1296
20200604,1458
20200605,1188
20200606,1026
20200608,1404
20200609,1404
20200611,1404
20200612,1134
20200613,1188
20200615,1404
20200616,1404
20200618,1404
20200619,1296
20200620,1296
20200622,1080
20200623,1296
20200625,1296
20200626,1296
20200627,1080
20200629,1296
20200630,1296
20200702,1296
20200703,1296
20200704,1296
20200706,1296
20200707,1296
20200709,1296
20200710,1296
20200711,1296
20200713,1296
20200714,1296
20200716,1296
20200717,1296
20200718,1296
20200720,1296
20200721,1296
20200722,1296
20200724,1296
20200725,1296
20200727,1296
20200728,1296
20200730,1296
20200731,1296
20200801,1296
20200803,1080
20200804,1080
20200806,1080
20200807,1080
20200808,1080
20200811,1080
20200812,1080
20200813,1080
20200817,1080
20200818,1188
20200820,1296
20200821,1188
20200822,1296
20200824,1296
20200825,1296
20200827,1296
20200828,1296
20200829,1188
20200831,1296
20200901,1296
20200903,1296
20200904,1296
20200905,1296
20200907,1296
20200908,1296
20200910,1296
20200911,1296
20200912,1296
20200914,1296
20200915,1026
20200917,1080
20200918,1080
20200919,1026
20200921,1134
20200924,1080
20200925,1080
20200926,1188
20200928,1080
20200929,1620
20201001,1620
20201002,1296
20201003,1620
20201005,1620
20201006,1296
20201008,1296
20201009,972
20201010,1296
20201012,1296
20201013,1296
20201015,1296
20201016,1296
20201017,1296
20201019,972
20201020,1296
20201022,972
20201023,972
20201024,972
20201026,972
20201027,972
20201029,972
20201030,972
20201031,972
20201102,972
20201104,972
20201105,972
20201106,972
20201107,972
20201109,972
20201110,972
20201112,972
20201113,972
20201114,972
20201116,972
20201117,972
20201119,972
20201120,972
20201121,864
20201124,972
20201125,972
20201126,432
20201127,432
20201128,432
20201130,486
20201201,432
20201203,486
20201204,486
20201205,432
20201207,486
20201208,540
20201210,486
20201211,432
20201212,432
20201214,432
20201215,432
20201217,486
20201218,486
20201219,540
20201221,648
20201222,864
20201224,864
20201225,864
20201226,864
20201228,972
20201229,972
20210105,1080
20210107,1080
20210108,1026
20210109,972
20210112,918
20210113,918
20210114,756
20210115,810
20210116,810
20210118,756
20210119,810
20210121,810
20210122,756
20210123,810
20210125,864
20210126,1188
20210128,972
20210129,972
20210130,972
20210201,1080
20210202,972
20210204,972
20210205,972
20210206,864
20210208,756
20210209,648
20210210,756
20210212,756
20210213,810
20210215,810
20210216,756
20210218,864
20210219,756
20210220,756
20210222,918
20210224,918
20210225,810
20210226,918
20210227,810
20210301,864
20210302,756
20210304,864
20210305,864
20210306,864
20210308,864
20210309,864
20210311,864
20210312,864
20210313,864
20210315,864
20210316,810
20210317,864
20210318,864
20210319,918
20210322,810
20210323,1080
20210325,918
20210326,918
20210327,918
20210329,864
20210330,918
20210401,918
20210402,918
20210403,702
20210405,621
20210406,594
20210408,594
20210409,540
20210410,540
20210412,648
20210413,648
20210415,756
20210416,756
20210417,756
20210419,756
20210420,756
20210422,756
20210423,702
20210424,756
20210426,864
20210427,864
20210428,864
20210430,972
20210501,972
20210503,972
20210506,972
20210507,972
20210508,864
20210510,756
20210511,756
20210513,702
20210514,648
20210515,702
20210517,702
20210518,702
20210520,810
20210521,756
20210522,864
20210524,864
20210525,864
20210527,1080
20210528,756
20210529,864
20210531,864
20210601,1080
20210603,1080
20210604,1296
20210605,1404
20210607,1620
20210608,1620
20210610,1620
20210611,1620
20210612,1620
20210614,1404
20210615,1296
20210617,1188
20210618,1080
20210619,864
20210621,864
20210622,972
20210624,972
20210625,972
20210626,1080
20210628,864
20210629,918
20210701,1080
20210702,1188
20210703,1188
20210705,1188
20210706,1188
20210708,1080
20210709,1188
20210710,1080
20210712,864
20210713,756
20210715,756
20210716,756
20210717,648
20210719,864
20210720,729
20210721,756
20210723,810
20210724,864
20210726,810
20210727,918
20210728,864
20210729,972
20210731,756
20210802,756
20210803,756
20210804,864
20210805,756
20210807,756
20210810,810
20210811,864
20210812,972
20210813,1026
20210817,1134
20210819,1134
20210820,1188
20210821,1188
20210823,1080
20210824,1080
20210826,972
20210827,864
20210828,810
20210830,1188
20210831,972
20210902,864
20210903,864
20210904,864
20210906,810
20210907,972
20210909,1188
20210910,1080
20210911,1242
20210913,1242
20210914,1188
20210916,1188
20210917,1188
20210918,1188
20210921,1188
20210922,1188
20210924,1080
20210925,1080
20210927,1134
20210928,1080
20210930,1188
20211001,1188
20211002,1188
20211004,1188
20211005,1296
20211007,1188
20211008,1080
20211009,1080
20211011,972
20211012,756
20211014,756
20211015,756
20211016,756
20211018,756
20211019,756
20211021,864
20211022,864
20211023,756
20211025,864
20211026,864
20211028,918
20211029,972
20211030,972
20211101,864
20211102,864
20211104,648
20211105,756
20211106,648
20211108,756
20211109,648
20211111,648
20211112,648
20211113,648
20211115,540
20211116,540
20211118,810
20211119,648
20211120,648
20211122,648
20211124,432
20211125,540
20211126,540
20211127,486
20211129,675
20211130,621
20211202,432
20211203,540
20211204,540
20211206,621
20211207,486
20211209,486
20211210,621
20211211,486
20211213,486
20211214,540
20211216,540
20211217,540
20211218,486
20211220,594
20211221,540
20211223,648
20211224,756
20211225,756
20211227,1026
20211228,864
20211229,1242